VisitorId,Time entered,Time spent (minutes),Money spent (euros),Day
580,9:27:00 AM,29,17,1
1215,9:16:00 AM,45,18,1
448,11:55:00 AM,12,16,1
125,10:47:00 AM,27,20,1
484,11:08:00 AM,35,13,1
514,9:11:00 AM,34,18,1
346,9:51:00 AM,55,25,1
326,9:35:00 AM,49,19,1
527,10:59:00 AM,38,30,1
180,10:57:00 AM,51,14,1
696,9:36:00 AM,29,19,1
1224,9:18:00 AM,30,18,1
1084,9:34:00 AM,54,19,1
560,11:25:00 AM,35,15,1
342,9:56:00 AM,13,25,1
77,9:36:00 AM,29,29,1
948,10:43:00 AM,32,14,1
1070,11:15:00 AM,37,11,1
1057,10:04:00 AM,21,21,1
981,9:04:00 AM,11,15,1
798,11:03:00 AM,37,19,1
427,10:01:00 AM,10,23,1
719,10:48:00 AM,45,15,1
408,11:35:00 AM,43,17,1
367,11:46:00 AM,11,29,1
1381,9:58:00 AM,40,14,1
582,11:27:00 AM,27,18,1
470,10:45:00 AM,49,26,1
239,10:30:00 AM,45,22,1
767,11:25:00 AM,21,26,1
174,9:00:00 AM,26,10,1
368,11:48:00 AM,39,26,1
104,11:11:00 AM,37,18,1
485,9:32:00 AM,47,23,1
338,11:13:00 AM,22,17,1
1496,9:50:00 AM,57,15,1
345,11:09:00 AM,23,26,1
505,11:33:00 AM,55,22,1
939,9:23:00 AM,29,26,1
1422,10:29:00 AM,50,15,1
1114,9:55:00 AM,20,12,1
1275,11:09:00 AM,53,15,1
849,11:21:00 AM,25,23,1
263,10:03:00 AM,41,11,1
315,9:52:00 AM,31,28,1
298,10:51:00 AM,12,22,1
1012,10:51:00 AM,36,12,1
293,10:42:00 AM,15,12,1
45,11:41:00 AM,55,22,1
617,9:45:00 AM,55,26,1
1051,1:10:00 PM,58,35,1
165,1:36:00 PM,25,24,1
193,12:59:00 PM,84,16,1
1455,1:26:00 PM,84,37,1
115,1:37:00 PM,32,17,1
1150,12:18:00 PM,39,29,1
1053,1:47:00 PM,45,19,1
1225,1:46:00 PM,61,21,1
443,12:09:00 PM,34,21,1
690,12:52:00 PM,61,16,1
776,12:34:00 PM,48,30,1
1290,1:07:00 PM,38,38,1
163,12:53:00 PM,56,27,1
1262,1:17:00 PM,39,27,1
728,1:26:00 PM,28,20,1
1476,1:06:00 PM,10,29,1
681,12:43:00 PM,75,36,1
1060,12:44:00 PM,75,19,1
914,1:57:00 PM,70,31,1
1264,1:04:00 PM,69,23,1
191,12:29:00 PM,62,25,1
1305,12:03:00 PM,82,36,1
224,12:08:00 PM,47,35,1
904,1:27:00 PM,10,32,1
444,1:32:00 PM,16,37,1
383,1:42:00 PM,89,28,1
1213,12:54:00 PM,46,23,1
1481,12:59:00 PM,24,38,1
1165,1:00:00 PM,56,27,1
154,12:41:00 PM,25,24,1
628,1:05:00 PM,90,25,1
698,1:47:00 PM,14,25,1
973,12:03:00 PM,70,37,1
1239,1:10:00 PM,75,37,1
396,1:05:00 PM,80,17,1
1390,1:30:00 PM,41,26,1
1142,12:01:00 PM,67,40,1
106,1:06:00 PM,44,30,1
1439,1:45:00 PM,75,40,1
1282,12:02:00 PM,47,23,1
1457,1:19:00 PM,77,35,1
1032,1:54:00 PM,58,32,1
820,12:16:00 PM,57,17,1
440,12:50:00 PM,59,28,1
1296,1:04:00 PM,36,29,1
1498,1:37:00 PM,86,21,1
826,12:54:00 PM,63,40,1
1395,1:01:00 PM,32,36,1
797,12:00:00 PM,45,27,1
687,1:23:00 PM,67,22,1
199,12:43:00 PM,33,38,1
1130,1:59:00 PM,41,15,1
519,12:59:00 PM,58,29,1
1110,12:34:00 PM,47,27,1
1189,12:54:00 PM,13,15,1
1148,1:56:00 PM,73,33,1
324,12:31:00 PM,59,18,1
979,12:31:00 PM,39,30,1
1202,12:35:00 PM,14,24,1
1039,1:15:00 PM,34,36,1
649,12:50:00 PM,59,36,1
1043,1:39:00 PM,30,36,1
1090,1:09:00 PM,79,33,1
906,1:32:00 PM,42,25,1
950,12:34:00 PM,23,22,1
1456,1:01:00 PM,27,32,1
561,1:19:00 PM,35,33,1
371,1:28:00 PM,60,35,1
938,12:53:00 PM,78,30,1
954,1:21:00 PM,37,18,1
1047,12:42:00 PM,45,30,1
654,1:22:00 PM,62,23,1
1460,1:22:00 PM,31,32,1
1371,12:28:00 PM,44,37,1
81,1:28:00 PM,55,31,1
1359,12:32:00 PM,70,31,1
1267,12:50:00 PM,70,19,1
1482,12:42:00 PM,79,35,1
629,12:34:00 PM,55,22,1
743,1:39:00 PM,51,39,1
670,12:28:00 PM,10,38,1
1416,12:38:00 PM,17,30,1
379,12:07:00 PM,33,18,1
779,12:55:00 PM,73,32,1
1312,1:39:00 PM,78,17,1
525,1:01:00 PM,44,25,1
930,1:20:00 PM,70,37,1
623,12:10:00 PM,50,39,1
422,1:00:00 PM,33,35,1
200,1:50:00 PM,37,19,1
1098,1:10:00 PM,83,28,1
438,1:29:00 PM,64,35,1
587,1:39:00 PM,81,39,1
739,12:26:00 PM,13,28,1
68,12:01:00 PM,18,16,1
716,12:35:00 PM,83,28,1
549,1:43:00 PM,77,35,1
1522,12:13:00 PM,42,23,1
782,1:02:00 PM,65,39,1
1438,12:34:00 PM,64,37,1
212,2:29:00 PM,53,24,1
103,4:28:00 PM,48,17,1
136,2:15:00 PM,23,37,1
231,4:35:00 PM,26,29,1
1293,2:05:00 PM,58,38,1
1244,2:24:00 PM,30,27,1
792,2:25:00 PM,44,37,1
1196,2:10:00 PM,16,32,1
1080,4:18:00 PM,43,37,1
111,3:53:00 PM,24,23,1
775,4:14:00 PM,28,28,1
1480,3:33:00 PM,35,29,1
351,3:20:00 PM,36,34,1
618,2:48:00 PM,50,28,1
727,4:21:00 PM,33,27,1
291,2:55:00 PM,55,25,1
395,4:24:00 PM,15,22,1
642,2:30:00 PM,27,26,1
1393,4:08:00 PM,59,26,1
1075,4:33:00 PM,43,16,1
946,4:15:00 PM,28,23,1
260,2:19:00 PM,44,31,1
1258,4:43:00 PM,59,17,1
1253,3:55:00 PM,47,29,1
331,3:53:00 PM,32,36,1
1413,2:54:00 PM,25,34,1
936,2:48:00 PM,40,33,1
421,3:08:00 PM,27,28,1
1011,3:11:00 PM,49,38,1
1287,4:47:00 PM,24,29,1
672,2:40:00 PM,55,36,1
222,4:46:00 PM,40,29,1
1210,2:08:00 PM,25,29,1
1392,3:58:00 PM,18,38,1
1106,4:56:00 PM,12,38,1
788,3:56:00 PM,25,17,1
1307,4:24:00 PM,12,23,1
676,4:53:00 PM,32,17,1
988,2:52:00 PM,25,36,1
825,4:18:00 PM,42,37,1
1147,4:23:00 PM,14,32,1
405,4:54:00 PM,37,22,1
1451,4:10:00 PM,42,21,1
634,4:18:00 PM,41,36,1
161,3:46:00 PM,20,19,1
305,4:28:00 PM,59,40,1
543,4:35:00 PM,35,15,1
1431,2:54:00 PM,33,40,1
770,2:31:00 PM,18,27,1
1156,3:01:00 PM,45,27,1
1366,5:38:00 PM,63,23,1
1407,6:16:00 PM,79,33,1
1118,6:40:00 PM,46,40,1
78,6:39:00 PM,27,40,1
980,5:45:00 PM,61,33,1
908,5:22:00 PM,83,32,1
86,5:47:00 PM,41,21,1
531,6:28:00 PM,111,28,1
417,6:57:00 PM,79,35,1
678,6:43:00 PM,96,39,1
1398,5:14:00 PM,104,46,1
245,6:09:00 PM,47,37,1
325,5:43:00 PM,82,24,1
960,5:49:00 PM,101,37,1
510,6:15:00 PM,82,39,1
785,5:49:00 PM,114,36,1
158,6:58:00 PM,94,22,1
157,6:30:00 PM,39,27,1
567,5:32:00 PM,94,33,1
131,5:34:00 PM,68,34,1
599,6:21:00 PM,59,20,1
700,5:51:00 PM,111,44,1
398,5:09:00 PM,116,28,1
1486,5:04:00 PM,112,28,1
1437,5:10:00 PM,108,20,1
748,5:48:00 PM,20,26,1
377,6:20:00 PM,120,24,1
90,6:35:00 PM,40,35,1
1444,5:29:00 PM,114,31,1
833,6:13:00 PM,120,45,1
1379,6:18:00 PM,102,24,1
652,5:24:00 PM,61,34,1
692,5:04:00 PM,41,28,1
1261,6:12:00 PM,61,29,1
69,6:24:00 PM,61,32,1
142,6:23:00 PM,27,25,1
350,6:10:00 PM,89,33,1
1062,5:39:00 PM,25,30,1
1068,6:18:00 PM,57,70,1
507,5:52:00 PM,45,66,1
378,5:53:00 PM,118,32,1
1236,6:00:00 PM,38,42,1
878,5:38:00 PM,87,48,1
1087,6:52:00 PM,23,30,1
1380,5:03:00 PM,94,46,1
1104,6:27:00 PM,95,27,1
258,6:29:00 PM,101,46,1
1525,5:00:00 PM,54,29,1
829,6:01:00 PM,30,26,1
84,5:50:00 PM,31,20,1
1056,7:22:00 PM,64,32,1
495,7:10:00 PM,24,23,1
1217,7:44:00 PM,53,34,1
602,7:13:00 PM,89,33,1
613,8:16:00 PM,33,36,1
612,8:35:00 PM,79,39,1
1211,8:41:00 PM,52,31,1
1408,7:47:00 PM,104,41,1
647,7:37:00 PM,31,36,1
282,7:44:00 PM,20,50,1
1248,8:12:00 PM,37,42,1
401,7:38:00 PM,21,23,1
736,7:50:00 PM,41,23,1
463,7:29:00 PM,99,31,1
321,8:09:00 PM,21,50,1
663,7:20:00 PM,33,24,1
63,8:26:00 PM,36,37,1
1200,8:02:00 PM,57,44,1
1356,7:31:00 PM,28,28,1
811,8:18:00 PM,45,34,1
1423,8:16:00 PM,21,44,1
605,8:13:00 PM,110,50,1
941,8:42:00 PM,115,22,1
418,7:54:00 PM,79,21,1
627,7:03:00 PM,25,43,1
1030,8:26:00 PM,74,28,1
186,8:21:00 PM,27,42,1
1303,8:56:00 PM,85,29,1
1160,8:09:00 PM,55,27,1
1403,7:20:00 PM,34,23,1
757,7:28:00 PM,87,48,1
1539,7:54:00 PM,52,32,1
742,7:59:00 PM,67,29,1
472,7:06:00 PM,28,28,1
1463,8:03:00 PM,114,49,1
995,8:33:00 PM,76,20,1
1095,7:46:00 PM,84,50,1
247,8:13:00 PM,116,42,1
1136,8:20:00 PM,47,20,1
278,7:26:00 PM,113,43,1
759,8:13:00 PM,24,50,1
482,8:43:00 PM,59,47,1
723,7:26:00 PM,115,50,1
1335,8:21:00 PM,76,31,1
611,8:09:00 PM,67,21,1
682,7:38:00 PM,68,43,1
1018,7:46:00 PM,89,24,1
1385,7:09:00 PM,22,24,1
1448,7:43:00 PM,21,32,1
1401,7:28:00 PM,42,24,1
854,9:26:00 AM,26,22,2
921,11:04:00 AM,20,24,2
189,10:15:00 AM,16,13,2
1380,10:28:00 AM,59,22,2
1123,10:00:00 AM,34,30,2
1230,11:45:00 AM,20,24,2
431,9:02:00 AM,40,13,2
763,11:19:00 AM,60,11,2
642,9:12:00 AM,45,21,2
498,10:30:00 AM,11,27,2
964,11:43:00 AM,51,19,2
1533,10:03:00 AM,37,25,2
890,11:46:00 AM,19,25,2
475,9:09:00 AM,34,19,2
980,11:51:00 AM,20,18,2
811,9:17:00 AM,39,16,2
344,11:38:00 AM,26,26,2
526,9:02:00 AM,54,12,2
358,10:33:00 AM,60,21,2
870,9:43:00 AM,27,14,2
770,11:24:00 AM,46,17,2
764,9:32:00 AM,15,16,2
1071,9:35:00 AM,17,25,2
259,9:40:00 AM,16,29,2
1193,11:00:00 AM,14,18,2
696,9:06:00 AM,27,16,2
330,11:16:00 AM,56,14,2
521,10:55:00 AM,38,25,2
937,9:16:00 AM,22,28,2
571,9:31:00 AM,45,11,2
1199,11:45:00 AM,47,17,2
57,11:13:00 AM,11,27,2
109,11:09:00 AM,56,13,2
595,11:55:00 AM,15,19,2
845,11:05:00 AM,22,27,2
520,9:00:00 AM,38,13,2
657,9:39:00 AM,42,18,2
1297,11:50:00 AM,39,13,2
236,11:21:00 AM,21,26,2
59,9:08:00 AM,38,28,2
745,10:14:00 AM,37,14,2
894,10:23:00 AM,10,15,2
1261,9:32:00 AM,32,14,2
1099,11:01:00 AM,43,27,2
320,10:58:00 AM,14,21,2
951,9:44:00 AM,12,24,2
185,11:25:00 AM,34,19,2
600,10:23:00 AM,27,28,2
1226,9:54:00 AM,42,20,2
1186,11:01:00 AM,25,25,2
580,12:40:00 PM,74,32,2
999,1:29:00 PM,79,18,2
445,1:49:00 PM,35,18,2
78,1:52:00 PM,65,31,2
319,1:17:00 PM,43,16,2
1208,1:33:00 PM,19,17,2
101,1:01:00 PM,33,17,2
432,1:25:00 PM,84,33,2
82,12:44:00 PM,33,19,2
668,12:33:00 PM,75,29,2
240,1:43:00 PM,45,17,2
621,12:59:00 PM,39,18,2
199,12:03:00 PM,27,16,2
883,1:10:00 PM,84,22,2
1331,12:35:00 PM,80,18,2
1503,1:56:00 PM,62,23,2
1136,1:44:00 PM,26,16,2
783,12:52:00 PM,29,17,2
639,1:32:00 PM,26,22,2
1086,12:33:00 PM,57,40,2
76,12:12:00 PM,78,36,2
829,1:24:00 PM,34,27,2
99,1:08:00 PM,35,38,2
62,1:25:00 PM,24,32,2
1489,12:00:00 PM,78,30,2
953,1:11:00 PM,67,18,2
1493,12:57:00 PM,20,16,2
930,12:01:00 PM,41,18,2
1097,12:20:00 PM,13,15,2
1505,1:51:00 PM,35,38,2
818,1:55:00 PM,30,31,2
544,12:23:00 PM,74,16,2
1100,1:58:00 PM,48,25,2
825,1:19:00 PM,60,36,2
506,1:16:00 PM,52,36,2
126,1:20:00 PM,57,24,2
1088,1:28:00 PM,75,40,2
1343,12:40:00 PM,56,40,2
919,1:35:00 PM,47,32,2
90,1:50:00 PM,47,32,2
984,1:38:00 PM,57,32,2
87,1:01:00 PM,54,19,2
1311,12:43:00 PM,76,26,2
861,1:04:00 PM,49,24,2
1126,1:22:00 PM,42,29,2
477,12:17:00 PM,28,28,2
92,12:17:00 PM,56,16,2
948,1:30:00 PM,67,34,2
1414,1:18:00 PM,54,22,2
1246,12:09:00 PM,43,33,2
716,1:50:00 PM,29,31,2
198,1:05:00 PM,23,37,2
1316,1:55:00 PM,83,21,2
83,12:24:00 PM,11,30,2
1051,12:14:00 PM,15,37,2
739,12:31:00 PM,23,40,2
251,12:43:00 PM,26,30,2
143,12:50:00 PM,27,31,2
142,1:38:00 PM,16,37,2
105,1:37:00 PM,81,34,2
888,1:24:00 PM,30,15,2
1287,12:06:00 PM,60,39,2
207,1:17:00 PM,89,17,2
1482,1:37:00 PM,16,30,2
703,12:45:00 PM,76,30,2
1301,1:41:00 PM,20,17,2
177,12:42:00 PM,12,37,2
1067,12:31:00 PM,42,28,2
414,1:22:00 PM,23,39,2
1215,1:16:00 PM,77,28,2
1302,12:05:00 PM,62,38,2
180,12:17:00 PM,80,32,2
1121,12:06:00 PM,56,21,2
899,12:21:00 PM,31,34,2
966,12:23:00 PM,28,19,2
630,12:30:00 PM,18,27,2
328,1:09:00 PM,20,28,2
1155,12:33:00 PM,52,27,2
1043,1:41:00 PM,80,22,2
1047,1:33:00 PM,66,36,2
627,12:37:00 PM,44,32,2
1184,1:45:00 PM,47,38,2
423,1:39:00 PM,90,22,2
1144,12:00:00 PM,35,38,2
269,1:29:00 PM,77,25,2
133,12:39:00 PM,28,18,2
1178,12:47:00 PM,80,23,2
1152,1:28:00 PM,56,28,2
1402,1:33:00 PM,19,20,2
1002,12:56:00 PM,85,26,2
136,1:20:00 PM,58,16,2
1518,12:57:00 PM,20,18,2
1325,1:54:00 PM,36,31,2
341,1:40:00 PM,81,28,2
321,1:10:00 PM,13,28,2
107,12:19:00 PM,45,21,2
1387,12:25:00 PM,57,30,2
1089,12:22:00 PM,39,38,2
1008,1:01:00 PM,33,34,2
1449,1:35:00 PM,65,32,2
115,2:17:00 PM,59,22,2
1118,4:46:00 PM,16,23,2
219,2:37:00 PM,41,33,2
77,3:00:00 PM,26,37,2
443,2:32:00 PM,12,17,2
1024,2:07:00 PM,15,26,2
436,2:27:00 PM,39,37,2
1143,4:53:00 PM,45,32,2
1496,3:21:00 PM,58,20,2
204,2:20:00 PM,11,28,2
480,4:39:00 PM,30,36,2
1467,2:25:00 PM,26,18,2
1393,4:18:00 PM,41,30,2
502,3:07:00 PM,38,39,2
1303,2:23:00 PM,32,22,2
1362,3:31:00 PM,45,24,2
247,3:46:00 PM,50,32,2
751,2:29:00 PM,26,23,2
230,3:51:00 PM,32,32,2
252,4:31:00 PM,33,40,2
631,4:57:00 PM,12,28,2
622,4:40:00 PM,32,37,2
881,4:26:00 PM,59,33,2
785,2:14:00 PM,24,27,2
1094,3:03:00 PM,24,35,2
378,3:32:00 PM,26,24,2
313,4:23:00 PM,15,32,2
931,2:35:00 PM,12,33,2
905,4:08:00 PM,16,26,2
1389,4:43:00 PM,17,38,2
1016,4:57:00 PM,44,24,2
228,2:08:00 PM,19,27,2
1507,3:26:00 PM,49,32,2
1023,2:56:00 PM,28,22,2
743,4:30:00 PM,12,17,2
742,2:47:00 PM,32,34,2
316,2:37:00 PM,50,39,2
290,4:32:00 PM,15,38,2
693,2:20:00 PM,23,28,2
166,2:24:00 PM,23,22,2
1187,2:38:00 PM,46,32,2
853,4:27:00 PM,23,29,2
318,2:25:00 PM,18,18,2
226,4:56:00 PM,40,27,2
1141,3:04:00 PM,51,21,2
1033,2:09:00 PM,42,17,2
908,4:11:00 PM,56,37,2
909,2:59:00 PM,37,33,2
1320,4:53:00 PM,39,38,2
250,2:56:00 PM,60,17,2
1293,6:26:00 PM,31,25,2
1347,6:20:00 PM,36,40,2
1288,5:38:00 PM,109,30,2
464,5:11:00 PM,24,35,2
1019,6:06:00 PM,34,34,2
1448,6:50:00 PM,97,22,2
406,5:47:00 PM,41,22,2
1180,6:52:00 PM,115,32,2
895,5:02:00 PM,65,48,2
610,5:48:00 PM,70,43,2
149,5:46:00 PM,54,21,2
140,6:12:00 PM,111,42,2
242,5:14:00 PM,99,28,2
1424,5:28:00 PM,55,30,2
1324,5:04:00 PM,91,45,2
1519,6:19:00 PM,42,49,2
1122,5:02:00 PM,38,40,2
52,5:27:00 PM,98,20,2
1062,5:31:00 PM,93,22,2
1158,6:54:00 PM,83,27,2
1083,6:44:00 PM,108,38,2
969,6:46:00 PM,84,47,2
1101,5:46:00 PM,59,29,2
1256,6:22:00 PM,108,36,2
517,5:34:00 PM,52,25,2
620,5:47:00 PM,116,22,2
674,5:12:00 PM,28,41,2
509,6:24:00 PM,97,21,2
123,6:41:00 PM,41,31,2
993,6:41:00 PM,90,47,2
760,5:57:00 PM,108,35,2
348,5:49:00 PM,118,23,2
345,6:57:00 PM,112,21,2
1528,6:09:00 PM,47,45,2
1492,6:20:00 PM,94,50,2
81,5:33:00 PM,105,37,2
93,6:24:00 PM,24,31,2
471,6:54:00 PM,40,43,2
842,5:50:00 PM,104,50,2
904,6:50:00 PM,29,42,2
1207,5:03:00 PM,62,20,2
1173,5:36:00 PM,89,24,2
125,6:02:00 PM,95,47,2
841,6:18:00 PM,66,42,2
465,5:55:00 PM,33,31,2
1017,5:50:00 PM,27,24,2
1346,6:41:00 PM,49,34,2
416,5:02:00 PM,66,41,2
393,5:36:00 PM,64,50,2
234,6:44:00 PM,52,36,2
408,7:23:00 PM,66,20,2
1154,8:09:00 PM,26,45,2
819,8:09:00 PM,28,42,2
747,7:27:00 PM,23,32,2
880,8:12:00 PM,51,46,2
812,8:46:00 PM,102,21,2
856,8:25:00 PM,51,49,2
337,8:06:00 PM,96,21,2
145,7:29:00 PM,100,22,2
686,7:26:00 PM,83,45,2
220,8:00:00 PM,96,36,2
729,7:46:00 PM,27,48,2
128,7:04:00 PM,77,23,2
1382,8:59:00 PM,116,34,2
960,8:47:00 PM,118,36,2
448,8:12:00 PM,115,35,2
117,7:03:00 PM,31,25,2
611,7:01:00 PM,28,40,2
1032,7:33:00 PM,33,49,2
442,8:04:00 PM,78,50,2
963,7:53:00 PM,36,29,2
342,7:50:00 PM,40,50,2
1323,8:19:00 PM,33,20,2
616,8:05:00 PM,110,40,2
1295,8:58:00 PM,117,46,2
108,8:24:00 PM,50,49,2
224,8:02:00 PM,113,48,2
1422,8:07:00 PM,86,39,2
182,7:43:00 PM,72,42,2
1526,7:39:00 PM,68,36,2
63,8:52:00 PM,76,36,2
1470,8:16:00 PM,69,40,2
478,7:06:00 PM,117,46,2
122,8:43:00 PM,112,39,2
159,7:57:00 PM,101,25,2
613,7:04:00 PM,103,41,2
181,8:01:00 PM,66,23,2
925,7:19:00 PM,94,30,2
363,7:38:00 PM,36,49,2
1300,8:19:00 PM,21,47,2
434,8:07:00 PM,69,20,2
537,8:37:00 PM,54,44,2
597,7:02:00 PM,28,21,2
849,8:35:00 PM,40,37,2
646,8:28:00 PM,77,37,2
1131,8:02:00 PM,97,25,2
164,8:16:00 PM,36,29,2
419,7:20:00 PM,59,33,2
848,7:16:00 PM,39,33,2
1153,7:30:00 PM,98,40,2
892,11:50:00 AM,31,23,3
863,9:21:00 AM,41,24,3
975,10:15:00 AM,32,10,3
983,10:53:00 AM,42,12,3
580,11:02:00 AM,19,23,3
1135,9:12:00 AM,10,23,3
1315,11:47:00 AM,14,26,3
479,9:56:00 AM,50,19,3
68,9:00:00 AM,17,30,3
630,10:32:00 AM,51,12,3
786,11:08:00 AM,41,11,3
1265,9:56:00 AM,40,18,3
375,9:29:00 AM,38,21,3
1472,11:40:00 AM,22,15,3
1218,11:28:00 AM,39,18,3
1033,10:46:00 AM,60,18,3
391,9:31:00 AM,19,24,3
466,9:12:00 AM,45,12,3
457,9:01:00 AM,42,23,3
944,10:42:00 AM,38,20,3
762,11:16:00 AM,17,11,3
1448,11:43:00 AM,28,15,3
1262,10:00:00 AM,39,18,3
167,10:08:00 AM,23,15,3
379,9:23:00 AM,41,13,3
794,9:47:00 AM,25,28,3
1051,11:09:00 AM,14,24,3
1373,10:09:00 AM,36,27,3
1182,11:50:00 AM,52,20,3
1029,10:42:00 AM,56,22,3
354,9:02:00 AM,21,20,3
201,10:09:00 AM,17,30,3
628,10:57:00 AM,13,28,3
1307,9:57:00 AM,30,30,3
962,9:02:00 AM,34,22,3
921,10:50:00 AM,35,12,3
1201,11:22:00 AM,60,15,3
1190,9:49:00 AM,40,29,3
652,9:23:00 AM,38,24,3
465,10:46:00 AM,34,27,3
1470,11:53:00 AM,60,23,3
359,10:12:00 AM,38,30,3
1396,11:21:00 AM,29,24,3
926,9:41:00 AM,14,29,3
1231,9:08:00 AM,34,10,3
430,11:54:00 AM,47,19,3
99,11:50:00 AM,35,25,3
499,10:54:00 AM,19,13,3
1444,11:00:00 AM,50,20,3
520,10:28:00 AM,55,13,3
1331,1:56:00 PM,42,20,3
562,1:36:00 PM,67,26,3
271,12:08:00 PM,20,29,3
1310,12:27:00 PM,84,31,3
1350,12:27:00 PM,15,31,3
920,12:24:00 PM,79,36,3
151,1:40:00 PM,79,35,3
889,1:17:00 PM,17,35,3
571,1:52:00 PM,51,32,3
429,1:18:00 PM,54,35,3
312,12:38:00 PM,42,30,3
1170,1:56:00 PM,35,27,3
265,12:36:00 PM,21,32,3
198,12:47:00 PM,78,39,3
1147,12:09:00 PM,16,27,3
948,1:27:00 PM,42,15,3
1445,12:08:00 PM,70,38,3
810,1:55:00 PM,44,25,3
928,12:17:00 PM,81,32,3
804,1:01:00 PM,71,22,3
1345,1:13:00 PM,22,16,3
698,1:24:00 PM,40,39,3
109,12:59:00 PM,83,19,3
672,1:16:00 PM,11,22,3
240,1:36:00 PM,46,18,3
739,12:41:00 PM,16,29,3
341,12:45:00 PM,60,28,3
515,12:38:00 PM,82,23,3
1305,12:11:00 PM,67,40,3
96,1:23:00 PM,20,15,3
720,1:18:00 PM,81,25,3
1314,12:09:00 PM,11,23,3
1399,12:21:00 PM,42,17,3
937,1:43:00 PM,32,34,3
1426,1:28:00 PM,36,38,3
1049,12:46:00 PM,77,36,3
1480,12:08:00 PM,83,35,3
922,1:23:00 PM,25,16,3
306,12:54:00 PM,83,38,3
1375,1:46:00 PM,44,30,3
1368,1:20:00 PM,50,29,3
1087,1:33:00 PM,15,31,3
1369,1:37:00 PM,35,20,3
861,1:26:00 PM,85,37,3
498,12:28:00 PM,77,28,3
462,12:12:00 PM,42,29,3
164,1:17:00 PM,20,17,3
967,1:05:00 PM,52,37,3
1105,12:10:00 PM,87,32,3
763,12:55:00 PM,12,40,3
157,1:24:00 PM,38,40,3
83,1:13:00 PM,14,23,3
636,12:58:00 PM,67,33,3
1382,12:44:00 PM,35,16,3
887,1:54:00 PM,86,15,3
350,12:17:00 PM,31,27,3
775,1:30:00 PM,11,34,3
1367,1:09:00 PM,26,29,3
1486,12:32:00 PM,84,37,3
431,12:26:00 PM,14,25,3
745,1:00:00 PM,41,22,3
641,1:43:00 PM,52,34,3
1155,12:23:00 PM,41,24,3
1151,12:03:00 PM,38,35,3
552,1:05:00 PM,72,22,3
1039,12:07:00 PM,17,29,3
557,12:19:00 PM,62,26,3
1308,1:46:00 PM,52,15,3
929,1:06:00 PM,37,26,3
219,12:13:00 PM,86,15,3
1293,12:49:00 PM,40,22,3
530,12:54:00 PM,44,33,3
1330,1:34:00 PM,63,37,3
632,12:18:00 PM,19,40,3
125,12:36:00 PM,72,24,3
1313,1:39:00 PM,11,18,3
355,1:52:00 PM,34,29,3
1229,1:05:00 PM,32,28,3
881,1:45:00 PM,88,27,3
343,12:25:00 PM,45,25,3
848,1:48:00 PM,42,20,3
1072,12:54:00 PM,21,20,3
688,1:41:00 PM,89,25,3
623,12:18:00 PM,30,35,3
365,1:50:00 PM,30,22,3
435,1:35:00 PM,82,25,3
1458,12:52:00 PM,14,17,3
292,1:46:00 PM,24,30,3
1117,12:00:00 PM,78,30,3
814,12:40:00 PM,13,37,3
689,1:03:00 PM,84,29,3
1326,12:42:00 PM,13,33,3
659,1:17:00 PM,33,15,3
594,1:52:00 PM,63,33,3
994,12:35:00 PM,11,40,3
1272,12:39:00 PM,38,17,3
912,1:59:00 PM,78,16,3
1003,1:59:00 PM,58,15,3
366,12:12:00 PM,35,18,3
315,12:06:00 PM,90,17,3
1128,4:03:00 PM,45,34,3
1150,2:16:00 PM,41,29,3
377,2:45:00 PM,16,25,3
1237,4:43:00 PM,53,20,3
1317,4:40:00 PM,53,26,3
139,2:37:00 PM,56,16,3
261,4:04:00 PM,31,33,3
826,4:52:00 PM,14,31,3
797,2:22:00 PM,18,20,3
191,3:18:00 PM,36,28,3
808,2:24:00 PM,11,32,3
682,3:58:00 PM,18,27,3
872,2:07:00 PM,28,23,3
1359,4:45:00 PM,27,32,3
443,3:01:00 PM,23,15,3
478,2:40:00 PM,51,40,3
442,3:59:00 PM,12,40,3
613,2:07:00 PM,32,22,3
93,4:01:00 PM,19,38,3
701,4:45:00 PM,54,36,3
1442,2:06:00 PM,60,32,3
1209,2:28:00 PM,35,18,3
633,2:07:00 PM,52,27,3
732,4:30:00 PM,36,15,3
381,4:34:00 PM,15,40,3
69,3:33:00 PM,19,29,3
1321,4:03:00 PM,31,26,3
951,3:26:00 PM,47,37,3
1196,3:58:00 PM,10,31,3
791,2:49:00 PM,12,34,3
1475,2:18:00 PM,27,15,3
1115,4:48:00 PM,52,33,3
727,4:20:00 PM,59,17,3
501,4:08:00 PM,21,28,3
799,3:30:00 PM,58,33,3
894,4:41:00 PM,11,18,3
1301,3:03:00 PM,36,28,3
925,3:05:00 PM,60,25,3
717,3:42:00 PM,17,38,3
841,2:45:00 PM,48,18,3
1112,3:25:00 PM,38,15,3
413,4:42:00 PM,21,19,3
845,2:42:00 PM,28,18,3
1079,2:05:00 PM,48,30,3
480,3:09:00 PM,44,24,3
531,2:53:00 PM,56,15,3
103,4:59:00 PM,43,40,3
690,4:38:00 PM,38,28,3
1161,4:21:00 PM,52,27,3
774,4:26:00 PM,28,17,3
1056,6:50:00 PM,59,34,3
1377,6:31:00 PM,41,35,3
777,6:49:00 PM,85,30,3
398,6:02:00 PM,72,26,3
340,6:52:00 PM,111,49,3
205,6:45:00 PM,56,34,3
820,6:51:00 PM,120,38,3
226,6:35:00 PM,47,24,3
853,5:39:00 PM,99,24,3
1095,5:27:00 PM,118,23,3
217,5:12:00 PM,21,42,3
574,5:41:00 PM,119,36,3
645,6:53:00 PM,41,22,3
560,5:04:00 PM,73,41,3
1405,5:27:00 PM,99,39,3
263,6:58:00 PM,35,47,3
409,5:23:00 PM,51,37,3
404,5:06:00 PM,33,20,3
170,6:03:00 PM,37,39,3
203,6:01:00 PM,57,40,3
1453,5:00:00 PM,115,27,3
1328,6:03:00 PM,113,31,3
453,5:55:00 PM,58,25,3
91,5:17:00 PM,36,48,3
1398,6:08:00 PM,92,28,3
969,6:11:00 PM,63,40,3
1100,6:49:00 PM,84,43,3
169,5:13:00 PM,108,26,3
233,6:57:00 PM,104,24,3
1103,5:55:00 PM,75,26,3
1409,6:39:00 PM,54,28,3
1185,5:35:00 PM,75,47,3
1447,5:52:00 PM,54,40,3
145,5:32:00 PM,93,50,3
395,5:14:00 PM,53,21,3
903,5:51:00 PM,112,33,3
1502,6:14:00 PM,22,22,3
380,6:33:00 PM,73,22,3
1273,5:59:00 PM,65,38,3
331,5:39:00 PM,107,48,3
897,6:53:00 PM,78,22,3
514,6:04:00 PM,103,40,3
218,6:37:00 PM,61,45,3
1484,5:56:00 PM,23,50,3
1508,5:00:00 PM,91,29,3
323,5:36:00 PM,28,33,3
1013,5:37:00 PM,63,22,3
1338,5:56:00 PM,47,33,3
255,6:38:00 PM,68,23,3
349,5:42:00 PM,75,38,3
428,6:40:00 PM,38,44,3
95,5:52:00 PM,44,49,3
1202,6:25:00 PM,48,40,3
464,5:38:00 PM,26,48,3
842,5:19:00 PM,92,50,3
1207,6:25:00 PM,104,42,3
147,6:49:00 PM,20,35,3
666,6:06:00 PM,98,50,3
1235,6:00:00 PM,119,27,3
545,5:26:00 PM,60,27,3
1198,6:23:00 PM,51,34,3
1063,5:31:00 PM,56,31,3
536,6:35:00 PM,21,28,3
1197,6:35:00 PM,41,42,3
1108,6:39:00 PM,118,50,3
1220,5:42:00 PM,86,29,3
529,6:04:00 PM,48,26,3
155,5:32:00 PM,83,41,3
817,5:29:00 PM,78,50,3
1532,5:52:00 PM,117,26,3
609,6:15:00 PM,51,43,3
329,6:16:00 PM,46,24,3
507,6:17:00 PM,75,23,3
408,6:01:00 PM,52,40,3
342,5:37:00 PM,48,21,3
264,7:59:00 PM,98,50,3
206,7:24:00 PM,40,20,3
104,7:56:00 PM,91,48,3
680,8:43:00 PM,46,24,3
1027,8:01:00 PM,56,32,3
1101,8:57:00 PM,102,37,3
596,8:25:00 PM,88,40,3
760,8:42:00 PM,103,28,3
1351,8:55:00 PM,83,23,3
1489,7:31:00 PM,71,37,3
81,8:47:00 PM,111,36,3
1251,8:41:00 PM,68,22,3
1348,7:32:00 PM,78,25,3
1152,8:31:00 PM,110,46,3
627,7:49:00 PM,47,38,3
878,8:53:00 PM,54,28,3
966,7:30:00 PM,54,37,3
691,8:24:00 PM,33,26,3
1452,8:42:00 PM,62,22,3
463,8:27:00 PM,25,33,3
1304,7:54:00 PM,106,23,3
251,8:00:00 PM,69,24,3
1297,7:50:00 PM,47,35,3
1371,7:13:00 PM,30,30,3
1286,7:03:00 PM,25,30,3
289,7:08:00 PM,74,46,3
232,7:24:00 PM,108,25,3
134,7:09:00 PM,26,24,3
1333,8:57:00 PM,115,46,3
322,7:48:00 PM,120,42,3
1173,7:43:00 PM,106,41,3
70,7:05:00 PM,35,23,3
1497,7:30:00 PM,23,43,3
703,7:45:00 PM,119,31,3
589,8:14:00 PM,117,41,3
42,8:22:00 PM,53,37,3
546,7:04:00 PM,91,37,3
919,7:23:00 PM,60,38,3
1276,8:36:00 PM,102,37,3
1106,7:55:00 PM,72,29,3
1436,7:13:00 PM,69,37,3
1362,7:31:00 PM,81,37,3
180,7:39:00 PM,45,28,3
1358,7:14:00 PM,61,38,3
1057,7:53:00 PM,22,48,3
1342,8:39:00 PM,90,39,3
523,8:16:00 PM,29,47,3
946,7:35:00 PM,95,38,3
52,8:23:00 PM,29,31,3
1353,8:33:00 PM,22,20,3
301,8:27:00 PM,94,25,3
564,7:51:00 PM,79,45,3
1123,7:02:00 PM,73,60,3
516,8:27:00 PM,73,34,3
1391,7:23:00 PM,67,41,3
1535,8:45:00 PM,92,37,3
1149,7:17:00 PM,99,120,3
1323,7:01:00 PM,109,43,3
236,8:40:00 PM,40,34,3
1259,7:33:00 PM,66,25,3
378,7:43:00 PM,86,39,3
436,7:43:00 PM,48,46,3
446,7:45:00 PM,82,44,3
714,7:36:00 PM,49,34,3
142,7:43:00 PM,55,39,3
186,8:03:00 PM,21,29,3
243,8:08:00 PM,25,25,3
521,8:23:00 PM,46,22,3
223,8:00:00 PM,120,35,3
434,7:21:00 PM,100,23,3
1176,8:19:00 PM,62,32,3
215,8:43:00 PM,62,23,3
1136,7:45:00 PM,20,23,3
146,8:02:00 PM,35,46,3
1464,8:00:00 PM,31,29,3
895,7:02:00 PM,41,33,3
802,7:42:00 PM,105,23,3
868,8:49:00 PM,71,42,3
1316,7:39:00 PM,31,25,3
1121,7:02:00 PM,73,23,3
1214,7:59:00 PM,96,40,3
1335,7:57:00 PM,83,29,3
1162,8:56:00 PM,101,47,3
664,7:42:00 PM,47,49,3
1392,7:29:00 PM,54,21,3
1343,7:57:00 PM,83,49,3
1242,8:22:00 PM,82,50,3
64,8:04:00 PM,63,29,3
1127,8:56:00 PM,65,41,3
1016,7:46:00 PM,34,21,3
535,8:29:00 PM,57,47,3
356,7:55:00 PM,49,37,3
1284,8:49:00 PM,91,48,3
907,8:37:00 PM,81,22,3
822,8:41:00 PM,44,49,3
1244,8:56:00 PM,32,49,3
1425,7:05:00 PM,89,48,3
248,7:19:00 PM,95,34,3
184,8:01:00 PM,51,29,3
1482,7:23:00 PM,59,24,3
668,7:25:00 PM,67,24,3
617,7:06:00 PM,39,25,3
493,8:52:00 PM,76,49,3
1257,7:51:00 PM,36,25,3
1254,8:52:00 PM,27,25,3
740,8:04:00 PM,80,25,3
796,8:17:00 PM,29,41,3
567,8:54:00 PM,20,27,3
136,7:26:00 PM,84,29,3
1320,8:24:00 PM,85,37,3
549,7:42:00 PM,38,21,3
287,7:01:00 PM,60,49,3
776,8:29:00 PM,62,43,3
47,7:31:00 PM,24,21,3
988,8:20:00 PM,100,28,3
424,7:30:00 PM,114,27,3
420,8:51:00 PM,42,33,3
1133,8:52:00 PM,113,23,3
73,7:42:00 PM,84,50,3
801,7:17:00 PM,64,23,3
300,8:25:00 PM,114,41,3
1440,7:19:00 PM,48,41,3
657,8:29:00 PM,50,24,3
1504,7:00:00 PM,63,60,3
50,7:37:00 PM,73,34,3
697,10:45:00 AM,28,27,4
554,9:57:00 AM,54,24,4
1056,11:14:00 AM,14,19,4
1005,11:01:00 AM,31,10,4
492,11:38:00 AM,51,22,4
1344,9:27:00 AM,44,14,4
141,10:34:00 AM,27,21,4
70,9:45:00 AM,19,28,4
1126,9:51:00 AM,58,13,4
1404,10:13:00 AM,56,16,4
907,9:50:00 AM,19,10,4
1376,11:32:00 AM,43,29,4
1349,9:54:00 AM,39,18,4
286,10:35:00 AM,36,30,4
407,9:19:00 AM,51,19,4
1385,11:20:00 AM,41,19,4
1150,11:07:00 AM,17,27,4
125,10:38:00 AM,37,26,4
419,9:55:00 AM,47,25,4
674,9:03:00 AM,48,17,4
716,9:38:00 AM,46,15,4
129,9:48:00 AM,31,19,4
74,10:17:00 AM,50,30,4
1417,10:49:00 AM,10,28,4
1346,9:12:00 AM,53,11,4
704,9:35:00 AM,46,30,4
974,11:17:00 AM,32,11,4
1219,9:48:00 AM,42,13,4
578,11:17:00 AM,15,22,4
122,11:21:00 AM,36,25,4
403,9:56:00 AM,51,16,4
623,9:56:00 AM,30,23,4
1331,9:48:00 AM,37,22,4
192,9:52:00 AM,30,22,4
538,9:18:00 AM,32,25,4
145,9:43:00 AM,57,13,4
96,9:33:00 AM,27,16,4
1221,10:12:00 AM,23,18,4
745,11:31:00 AM,34,21,4
1051,11:51:00 AM,39,19,4
115,11:47:00 AM,16,23,4
1195,11:41:00 AM,50,18,4
1173,9:21:00 AM,40,20,4
99,9:04:00 AM,51,17,4
332,9:52:00 AM,52,26,4
1301,9:50:00 AM,56,12,4
795,10:26:00 AM,59,27,4
866,9:33:00 AM,59,24,4
1029,9:20:00 AM,18,18,4
1081,9:20:00 AM,32,24,4
720,1:53:00 PM,68,17,4
1414,12:13:00 PM,14,31,4
388,1:15:00 PM,58,31,4
798,12:39:00 PM,29,20,4
765,1:07:00 PM,67,17,4
76,12:58:00 PM,90,23,4
1233,1:18:00 PM,85,25,4
971,12:05:00 PM,15,15,4
940,12:45:00 PM,59,20,4
1418,12:28:00 PM,82,29,4
180,1:22:00 PM,75,35,4
788,12:57:00 PM,74,40,4
605,12:57:00 PM,38,32,4
859,1:59:00 PM,18,26,4
1410,12:06:00 PM,50,38,4
52,1:38:00 PM,68,19,4
285,12:27:00 PM,59,26,4
470,12:05:00 PM,60,25,4
193,12:14:00 PM,13,19,4
1435,12:54:00 PM,16,35,4
582,1:15:00 PM,84,38,4
1004,12:42:00 PM,33,30,4
1400,12:26:00 PM,85,32,4
440,12:28:00 PM,47,28,4
92,1:35:00 PM,33,27,4
1217,12:09:00 PM,12,26,4
462,12:13:00 PM,62,36,4
739,12:01:00 PM,31,19,4
1310,1:32:00 PM,71,22,4
883,12:34:00 PM,37,22,4
1474,1:52:00 PM,14,34,4
568,1:48:00 PM,86,16,4
302,12:51:00 PM,46,25,4
865,1:54:00 PM,31,24,4
1415,1:22:00 PM,65,29,4
1290,12:47:00 PM,75,27,4
1259,1:27:00 PM,63,15,4
679,1:08:00 PM,59,19,4
1210,1:58:00 PM,41,19,4
507,12:04:00 PM,48,23,4
499,12:53:00 PM,50,36,4
437,1:33:00 PM,61,22,4
1181,1:51:00 PM,39,34,4
179,1:46:00 PM,65,21,4
390,12:07:00 PM,39,19,4
862,1:41:00 PM,81,38,4
339,12:37:00 PM,52,30,4
1468,12:04:00 PM,43,23,4
1534,1:02:00 PM,89,30,4
721,12:43:00 PM,27,19,4
1264,1:17:00 PM,90,29,4
1512,12:13:00 PM,25,37,4
472,1:54:00 PM,33,21,4
678,12:01:00 PM,42,32,4
777,1:41:00 PM,60,25,4
754,1:16:00 PM,88,26,4
46,1:05:00 PM,62,25,4
980,1:12:00 PM,71,32,4
553,12:23:00 PM,83,19,4
327,1:50:00 PM,65,17,4
515,1:33:00 PM,10,26,4
216,1:56:00 PM,51,19,4
1403,1:02:00 PM,17,36,4
272,12:45:00 PM,86,20,4
1104,1:12:00 PM,52,25,4
930,12:30:00 PM,78,39,4
938,1:46:00 PM,58,39,4
564,1:36:00 PM,55,20,4
1338,12:36:00 PM,19,39,4
957,1:26:00 PM,25,39,4
1485,1:49:00 PM,55,33,4
634,12:01:00 PM,64,20,4
214,12:36:00 PM,74,30,4
1073,12:22:00 PM,40,37,4
1035,1:13:00 PM,37,35,4
729,1:25:00 PM,32,16,4
506,12:11:00 PM,43,15,4
1041,1:36:00 PM,58,33,4
323,1:15:00 PM,58,27,4
779,12:28:00 PM,43,17,4
127,12:03:00 PM,49,29,4
333,1:19:00 PM,12,26,4
709,12:45:00 PM,11,19,4
1493,12:09:00 PM,52,32,4
1046,1:45:00 PM,34,20,4
768,1:28:00 PM,39,21,4
1498,1:29:00 PM,82,25,4
1238,12:19:00 PM,10,23,4
558,1:56:00 PM,17,17,4
1014,1:59:00 PM,13,32,4
903,12:56:00 PM,65,18,4
91,12:29:00 PM,51,21,4
954,12:27:00 PM,27,18,4
1043,12:50:00 PM,19,32,4
570,1:19:00 PM,85,37,4
803,1:20:00 PM,28,29,4
469,12:23:00 PM,89,36,4
1129,1:33:00 PM,59,16,4
1015,1:34:00 PM,29,27,4
1287,1:19:00 PM,17,31,4
1330,4:55:00 PM,19,21,4
291,4:17:00 PM,43,19,4
659,4:35:00 PM,17,17,4
924,2:30:00 PM,41,24,4
421,4:06:00 PM,54,16,4
130,4:39:00 PM,40,26,4
178,4:56:00 PM,28,28,4
1285,4:58:00 PM,27,24,4
1279,3:01:00 PM,59,24,4
1517,2:10:00 PM,50,35,4
769,2:52:00 PM,22,32,4
1003,3:38:00 PM,23,16,4
1244,3:33:00 PM,53,31,4
695,4:48:00 PM,39,34,4
950,4:32:00 PM,24,40,4
77,2:10:00 PM,39,17,4
573,4:31:00 PM,30,38,4
898,2:21:00 PM,38,33,4
299,4:36:00 PM,26,24,4
588,2:33:00 PM,18,31,4
734,2:40:00 PM,58,34,4
1114,4:47:00 PM,20,27,4
60,2:39:00 PM,31,35,4
228,4:41:00 PM,14,22,4
1091,3:57:00 PM,46,17,4
1322,2:43:00 PM,25,37,4
1535,3:36:00 PM,34,32,4
1381,3:17:00 PM,57,15,4
1062,3:27:00 PM,46,17,4
726,3:54:00 PM,34,40,4
415,2:52:00 PM,37,34,4
751,4:07:00 PM,11,38,4
717,3:04:00 PM,27,23,4
351,3:03:00 PM,27,25,4
816,2:00:00 PM,44,33,4
119,3:18:00 PM,58,20,4
1105,3:54:00 PM,49,24,4
1326,4:50:00 PM,33,26,4
1432,3:25:00 PM,24,38,4
814,4:08:00 PM,16,31,4
766,3:28:00 PM,51,20,4
243,4:36:00 PM,36,29,4
497,4:48:00 PM,40,27,4
50,2:00:00 PM,39,18,4
962,4:18:00 PM,26,33,4
369,3:34:00 PM,33,33,4
1207,2:04:00 PM,19,25,4
500,2:18:00 PM,30,22,4
309,3:43:00 PM,38,39,4
364,2:24:00 PM,21,35,4
1139,6:30:00 PM,109,41,4
557,6:42:00 PM,79,29,4
114,6:38:00 PM,80,32,4
640,6:46:00 PM,99,20,4
683,6:46:00 PM,50,29,4
661,6:01:00 PM,116,20,4
313,6:37:00 PM,34,41,4
1138,5:16:00 PM,100,38,4
955,6:46:00 PM,36,37,4
1515,5:08:00 PM,28,25,4
107,6:52:00 PM,37,33,4
551,5:11:00 PM,72,25,4
450,6:27:00 PM,55,31,4
1409,6:30:00 PM,42,31,4
147,5:36:00 PM,57,33,4
152,5:08:00 PM,120,40,4
89,5:53:00 PM,56,26,4
249,6:49:00 PM,90,26,4
945,6:14:00 PM,76,23,4
649,5:29:00 PM,113,48,4
1467,5:33:00 PM,100,38,4
757,5:44:00 PM,91,49,4
338,5:34:00 PM,78,26,4
188,6:51:00 PM,61,27,4
741,6:25:00 PM,89,50,4
1389,5:08:00 PM,98,31,4
1358,6:40:00 PM,54,35,4
294,5:11:00 PM,70,44,4
491,6:16:00 PM,59,41,4
682,5:40:00 PM,118,33,4
732,5:24:00 PM,67,27,4
653,5:56:00 PM,90,41,4
1250,6:41:00 PM,119,33,4
1171,5:57:00 PM,86,31,4
914,5:19:00 PM,109,31,4
667,5:38:00 PM,95,21,4
964,6:27:00 PM,118,31,4
1162,5:26:00 PM,27,44,4
1198,5:01:00 PM,21,30,4
1277,6:33:00 PM,118,24,4
586,5:29:00 PM,49,30,4
97,6:51:00 PM,69,49,4
1286,6:30:00 PM,59,75,4
1510,5:34:00 PM,37,50,4
184,5:54:00 PM,98,40,4
348,5:55:00 PM,28,40,4
217,6:48:00 PM,93,45,4
638,6:06:00 PM,24,46,4
927,6:29:00 PM,23,33,4
1334,6:37:00 PM,36,32,4
59,6:35:00 PM,100,44,4
1094,5:11:00 PM,27,44,4
977,5:15:00 PM,44,40,4
1304,5:15:00 PM,59,28,4
857,6:53:00 PM,68,25,4
967,5:58:00 PM,23,37,4
408,5:08:00 PM,27,34,4
1303,5:22:00 PM,27,28,4
256,6:52:00 PM,96,37,4
320,6:06:00 PM,33,23,4
711,5:42:00 PM,46,42,4
1048,5:13:00 PM,79,38,4
1169,6:07:00 PM,113,37,4
479,5:12:00 PM,89,30,4
1188,6:03:00 PM,68,37,4
1229,5:33:00 PM,29,39,4
552,5:13:00 PM,97,31,4
85,5:33:00 PM,112,43,4
719,5:33:00 PM,65,45,4
1157,6:00:00 PM,66,20,4
1061,5:19:00 PM,101,37,4
598,6:27:00 PM,70,49,4
1213,6:09:00 PM,105,34,4
1023,5:40:00 PM,106,27,4
1066,6:57:00 PM,31,27,4
1282,7:37:00 PM,97,49,4
392,8:54:00 PM,79,34,4
951,8:31:00 PM,49,41,4
1294,8:47:00 PM,110,31,4
1341,8:16:00 PM,40,21,4
1342,8:02:00 PM,64,45,4
54,8:26:00 PM,27,31,4
53,7:37:00 PM,53,21,4
478,7:27:00 PM,85,35,4
1028,8:17:00 PM,77,33,4
1060,8:53:00 PM,58,32,4
1350,7:06:00 PM,68,32,4
713,8:34:00 PM,70,44,4
1132,8:27:00 PM,82,37,4
189,7:48:00 PM,93,25,4
1042,7:19:00 PM,34,22,4
787,8:50:00 PM,20,44,4
1380,8:03:00 PM,63,44,4
185,7:37:00 PM,94,20,4
694,7:05:00 PM,56,50,4
194,8:59:00 PM,25,43,4
767,7:38:00 PM,31,34,4
800,7:55:00 PM,48,42,4
195,8:42:00 PM,43,25,4
550,8:15:00 PM,86,40,4
374,7:34:00 PM,43,48,4
970,7:58:00 PM,24,48,4
250,8:01:00 PM,22,45,4
1359,8:20:00 PM,113,46,4
539,7:14:00 PM,56,45,4
51,7:04:00 PM,32,27,4
781,8:07:00 PM,54,50,4
1361,7:33:00 PM,44,47,4
725,7:45:00 PM,117,23,4
1336,7:20:00 PM,82,48,4
1078,8:43:00 PM,45,22,4
1186,7:23:00 PM,38,49,4
665,7:40:00 PM,95,21,4
116,7:12:00 PM,26,30,4
885,8:16:00 PM,50,38,4
1190,8:04:00 PM,108,21,4
843,8:27:00 PM,91,34,4
911,7:33:00 PM,100,37,4
245,7:59:00 PM,71,35,4
1497,8:45:00 PM,53,43,4
218,8:25:00 PM,77,25,4
514,7:26:00 PM,74,49,4
852,8:17:00 PM,51,37,4
81,7:13:00 PM,109,31,4
631,7:45:00 PM,84,46,4
1507,7:35:00 PM,23,39,4
872,7:37:00 PM,100,44,4
529,8:31:00 PM,85,49,4
67,7:38:00 PM,35,37,4
519,7:51:00 PM,97,29,4
1495,8:18:00 PM,64,38,4
305,7:24:00 PM,102,33,4
1160,7:58:00 PM,99,28,4
778,7:06:00 PM,88,39,4
1390,8:57:00 PM,88,33,4
826,7:00:00 PM,92,22,4
549,7:46:00 PM,34,25,4
280,7:10:00 PM,30,32,4
429,7:56:00 PM,118,47,4
79,8:44:00 PM,39,41,4
670,8:16:00 PM,71,45,4
1065,7:37:00 PM,31,23,4
629,8:32:00 PM,119,26,4
268,7:39:00 PM,98,20,4
744,7:22:00 PM,47,45,4
989,8:25:00 PM,52,35,4
1101,8:04:00 PM,66,50,4
1254,7:33:00 PM,73,49,4
513,7:59:00 PM,27,24,4
673,7:24:00 PM,104,43,4
1509,8:31:00 PM,29,31,4
468,8:03:00 PM,71,32,4
600,8:15:00 PM,113,22,4
349,7:38:00 PM,76,47,4
837,7:53:00 PM,46,45,4
1434,7:00:00 PM,95,34,4
1010,7:56:00 PM,107,20,4
1329,7:17:00 PM,76,42,4
1267,8:54:00 PM,111,33,4
1488,7:30:00 PM,70,42,4
1143,7:30:00 PM,45,29,4
1141,7:02:00 PM,29,39,4
1269,8:12:00 PM,28,32,4
1472,8:21:00 PM,115,29,4
829,7:35:00 PM,38,38,4
998,8:06:00 PM,73,30,4
1363,7:32:00 PM,118,35,4
425,8:49:00 PM,68,23,4
1247,7:09:00 PM,93,34,4
705,8:16:00 PM,53,36,4
1297,7:26:00 PM,103,45,4
1182,8:20:00 PM,30,50,4
1224,7:45:00 PM,62,27,4
863,8:24:00 PM,72,23,4
1328,8:37:00 PM,56,29,4
569,8:55:00 PM,30,29,4
672,8:29:00 PM,75,49,4
1476,8:52:00 PM,71,45,4
410,7:45:00 PM,86,20,4
604,7:58:00 PM,46,42,4
255,7:04:00 PM,56,23,4
411,8:27:00 PM,47,23,4
275,8:13:00 PM,29,37,4
1033,7:46:00 PM,106,29,4
1242,7:18:00 PM,116,31,4
151,7:49:00 PM,27,49,4
1420,8:10:00 PM,38,32,4
611,7:46:00 PM,39,44,4
1475,8:40:00 PM,89,23,4
1185,7:04:00 PM,55,49,4
585,8:52:00 PM,62,48,4
1524,8:35:00 PM,41,22,4
830,7:32:00 PM,80,33,4
1199,7:46:00 PM,105,26,4
609,8:56:00 PM,31,42,4
1227,8:55:00 PM,88,35,4
1127,7:28:00 PM,20,26,4
530,8:30:00 PM,82,21,4
896,7:19:00 PM,43,37,4
625,8:10:00 PM,59,26,4
772,9:32:00 AM,40,10,5
1264,11:42:00 AM,30,16,5
101,11:36:00 AM,28,21,5
240,11:43:00 AM,43,18,5
987,11:17:00 AM,50,19,5
72,9:21:00 AM,26,30,5
787,10:59:00 AM,12,12,5
178,10:46:00 AM,49,17,5
837,11:54:00 AM,27,29,5
376,11:32:00 AM,57,12,5
945,10:12:00 AM,39,22,5
1132,11:49:00 AM,28,17,5
801,9:10:00 AM,27,26,5
238,9:55:00 AM,21,12,5
737,9:19:00 AM,46,29,5
687,10:51:00 AM,55,25,5
1446,10:10:00 AM,12,14,5
153,10:04:00 AM,35,10,5
169,10:06:00 AM,15,27,5
1360,11:38:00 AM,60,10,5
1512,10:12:00 AM,52,13,5
1258,9:18:00 AM,54,27,5
550,9:58:00 AM,33,23,5
152,10:32:00 AM,22,15,5
387,10:11:00 AM,40,27,5
1205,9:12:00 AM,30,27,5
758,10:18:00 AM,42,25,5
379,11:26:00 AM,59,14,5
599,11:12:00 AM,28,21,5
386,10:32:00 AM,21,24,5
241,10:45:00 AM,46,30,5
606,9:46:00 AM,40,26,5
1103,11:18:00 AM,29,20,5
1326,10:17:00 AM,19,18,5
87,11:59:00 AM,10,13,5
999,9:07:00 AM,27,28,5
1068,10:15:00 AM,56,26,5
1440,11:54:00 AM,36,15,5
631,9:07:00 AM,55,25,5
1063,9:09:00 AM,32,16,5
1520,9:18:00 AM,14,13,5
820,11:28:00 AM,56,16,5
1246,10:05:00 AM,54,18,5
1110,11:07:00 AM,41,24,5
1265,11:12:00 AM,32,16,5
1489,11:16:00 AM,15,26,5
1361,10:20:00 AM,52,20,5
124,11:27:00 AM,45,24,5
168,10:32:00 AM,52,22,5
616,10:08:00 AM,21,22,5
136,12:41:00 PM,17,36,5
662,1:16:00 PM,86,21,5
56,12:45:00 PM,75,17,5
269,1:43:00 PM,20,27,5
571,1:38:00 PM,84,39,5
1010,12:09:00 PM,44,34,5
559,1:21:00 PM,18,30,5
572,1:51:00 PM,58,30,5
705,12:22:00 PM,35,29,5
698,12:51:00 PM,32,24,5
522,12:05:00 PM,28,31,5
503,12:44:00 PM,50,33,5
1322,12:51:00 PM,77,32,5
247,1:03:00 PM,76,22,5
1074,12:13:00 PM,65,37,5
1369,1:56:00 PM,20,22,5
467,1:59:00 PM,30,20,5
121,1:33:00 PM,15,16,5
888,1:51:00 PM,79,24,5
569,12:40:00 PM,35,18,5
1496,1:54:00 PM,15,40,5
174,1:05:00 PM,80,34,5
476,12:09:00 PM,80,22,5
833,12:59:00 PM,43,27,5
1181,12:17:00 PM,41,16,5
621,12:51:00 PM,62,15,5
871,12:59:00 PM,30,31,5
1442,12:19:00 PM,49,16,5
539,1:58:00 PM,90,21,5
708,1:41:00 PM,26,40,5
242,12:12:00 PM,49,28,5
418,12:52:00 PM,17,15,5
451,1:45:00 PM,57,35,5
299,1:25:00 PM,61,34,5
1419,12:30:00 PM,20,28,5
1443,1:47:00 PM,11,35,5
326,1:33:00 PM,69,22,5
911,12:34:00 PM,23,15,5
1400,1:18:00 PM,53,40,5
808,1:44:00 PM,12,25,5
200,12:18:00 PM,48,38,5
1514,1:16:00 PM,57,27,5
294,1:20:00 PM,57,17,5
1056,1:56:00 PM,57,21,5
960,12:26:00 PM,32,32,5
1237,12:45:00 PM,11,27,5
520,12:36:00 PM,44,34,5
725,12:26:00 PM,45,39,5
680,12:42:00 PM,67,19,5
523,1:40:00 PM,17,18,5
63,12:54:00 PM,74,25,5
307,1:15:00 PM,14,36,5
1242,1:16:00 PM,76,32,5
41,12:06:00 PM,13,24,5
441,1:04:00 PM,28,28,5
761,1:08:00 PM,21,15,5
1019,1:09:00 PM,52,37,5
831,12:26:00 PM,69,38,5
674,12:56:00 PM,55,17,5
65,12:49:00 PM,32,40,5
552,12:40:00 PM,74,40,5
1349,12:50:00 PM,68,39,5
805,1:07:00 PM,34,27,5
920,1:13:00 PM,15,19,5
1016,1:54:00 PM,11,16,5
50,1:48:00 PM,87,25,5
88,12:44:00 PM,57,32,5
1071,1:29:00 PM,19,22,5
1376,1:30:00 PM,52,32,5
932,12:36:00 PM,34,35,5
1379,1:28:00 PM,34,39,5
160,12:34:00 PM,46,27,5
608,1:17:00 PM,30,21,5
1000,12:57:00 PM,45,24,5
1240,12:50:00 PM,26,28,5
1207,12:01:00 PM,69,30,5
1182,12:09:00 PM,24,23,5
1387,1:09:00 PM,53,29,5
258,1:23:00 PM,45,23,5
812,12:50:00 PM,45,26,5
1088,12:25:00 PM,17,18,5
701,12:12:00 PM,62,23,5
1293,12:52:00 PM,68,20,5
676,1:18:00 PM,55,40,5
554,12:50:00 PM,61,22,5
114,12:54:00 PM,25,23,5
246,12:11:00 PM,42,20,5
315,1:35:00 PM,13,30,5
1149,12:13:00 PM,29,31,5
81,1:09:00 PM,71,36,5
1102,1:09:00 PM,88,16,5
754,12:56:00 PM,27,15,5
917,12:07:00 PM,36,28,5
408,1:33:00 PM,11,27,5
1201,1:41:00 PM,36,40,5
1506,1:03:00 PM,62,28,5
839,1:47:00 PM,88,35,5
144,12:23:00 PM,88,18,5
1045,1:54:00 PM,58,35,5
580,1:08:00 PM,70,26,5
342,4:24:00 PM,15,29,5
1294,4:48:00 PM,49,34,5
1194,4:39:00 PM,54,30,5
205,3:02:00 PM,35,32,5
748,3:16:00 PM,39,17,5
1263,2:33:00 PM,56,20,5
962,2:41:00 PM,10,23,5
1328,4:23:00 PM,40,17,5
751,4:00:00 PM,11,20,5
298,3:53:00 PM,48,22,5
1123,2:49:00 PM,17,34,5
1124,4:13:00 PM,57,36,5
1363,3:30:00 PM,35,38,5
797,3:54:00 PM,53,40,5
309,2:04:00 PM,19,30,5
1031,2:29:00 PM,22,32,5
165,2:52:00 PM,16,23,5
547,3:09:00 PM,10,27,5
642,4:54:00 PM,10,31,5
1367,4:54:00 PM,22,16,5
275,3:20:00 PM,35,19,5
1335,3:38:00 PM,44,21,5
1536,4:36:00 PM,48,18,5
1013,3:53:00 PM,39,22,5
977,3:20:00 PM,60,38,5
1044,3:13:00 PM,13,39,5
324,3:26:00 PM,14,38,5
1261,3:54:00 PM,27,39,5
1534,4:19:00 PM,42,21,5
1297,4:30:00 PM,55,15,5
1228,2:00:00 PM,13,37,5
1491,3:21:00 PM,26,18,5
980,2:26:00 PM,31,38,5
733,2:25:00 PM,53,37,5
1007,3:46:00 PM,38,28,5
1448,2:15:00 PM,51,32,5
638,4:04:00 PM,40,27,5
1337,4:40:00 PM,24,40,5
1168,3:38:00 PM,13,19,5
190,2:30:00 PM,12,33,5
1177,4:23:00 PM,46,33,5
598,2:16:00 PM,59,40,5
231,4:17:00 PM,34,34,5
778,2:39:00 PM,53,19,5
963,3:42:00 PM,55,19,5
1211,2:47:00 PM,54,36,5
684,4:59:00 PM,19,17,5
1383,2:47:00 PM,40,28,5
900,2:33:00 PM,16,31,5
942,4:26:00 PM,60,27,5
575,6:42:00 PM,29,31,5
655,6:05:00 PM,44,43,5
78,6:57:00 PM,110,50,5
1104,5:43:00 PM,45,24,5
561,5:38:00 PM,95,42,5
466,6:42:00 PM,31,38,5
532,5:02:00 PM,93,49,5
721,6:33:00 PM,23,36,5
875,6:06:00 PM,89,37,5
1458,5:08:00 PM,68,21,5
535,6:58:00 PM,74,48,5
636,5:13:00 PM,57,45,5
958,6:57:00 PM,59,45,5
1087,5:33:00 PM,103,33,5
770,6:28:00 PM,96,21,5
1077,5:29:00 PM,91,41,5
1080,6:58:00 PM,86,48,5
1382,6:19:00 PM,58,27,5
592,5:52:00 PM,73,48,5
330,6:50:00 PM,97,38,5
414,5:32:00 PM,81,40,5
730,5:57:00 PM,48,50,5
494,6:41:00 PM,100,36,5
699,6:03:00 PM,72,26,5
1305,6:25:00 PM,120,38,5
1224,5:20:00 PM,31,21,5
1417,6:37:00 PM,24,48,5
961,6:37:00 PM,46,38,5
1220,6:58:00 PM,62,46,5
975,6:55:00 PM,103,26,5
108,5:36:00 PM,115,29,5
1058,6:34:00 PM,42,36,5
1306,5:28:00 PM,49,43,5
878,5:24:00 PM,59,47,5
84,5:39:00 PM,64,32,5
1464,5:25:00 PM,117,28,5
1011,6:37:00 PM,93,45,5
668,5:16:00 PM,52,24,5
694,5:13:00 PM,58,20,5
663,6:22:00 PM,72,22,5
1469,5:51:00 PM,24,37,5
519,5:12:00 PM,35,46,5
842,5:25:00 PM,58,24,5
779,5:56:00 PM,28,37,5
799,5:30:00 PM,109,46,5
524,5:29:00 PM,85,45,5
185,5:43:00 PM,34,28,5
1426,5:11:00 PM,48,29,5
615,6:55:00 PM,99,32,5
53,6:21:00 PM,29,49,5
1257,5:54:00 PM,70,38,5
320,6:39:00 PM,90,21,5
780,6:16:00 PM,70,26,5
167,5:31:00 PM,43,49,5
489,5:58:00 PM,26,39,5
1198,6:24:00 PM,37,36,5
1431,6:29:00 PM,55,30,5
1076,6:10:00 PM,103,27,5
1046,6:31:00 PM,63,23,5
1098,5:36:00 PM,87,38,5
112,5:07:00 PM,86,33,5
1418,5:10:00 PM,96,20,5
1476,6:57:00 PM,25,29,5
544,5:05:00 PM,44,23,5
214,5:45:00 PM,53,39,5
1288,6:18:00 PM,76,25,5
635,6:01:00 PM,93,43,5
574,5:16:00 PM,50,32,5
894,6:57:00 PM,100,49,5
1206,6:41:00 PM,113,50,5
277,6:59:00 PM,52,20,5
1509,5:40:00 PM,27,47,5
1208,5:42:00 PM,63,24,5
1497,6:19:00 PM,72,30,5
348,6:28:00 PM,46,50,5
1065,6:11:00 PM,60,36,5
1380,5:07:00 PM,42,47,5
1490,5:10:00 PM,80,31,5
1108,6:39:00 PM,34,27,5
666,6:35:00 PM,49,48,5
827,6:18:00 PM,65,43,5
824,5:30:00 PM,74,45,5
1131,6:22:00 PM,111,39,5
1425,5:14:00 PM,102,21,5
192,5:47:00 PM,103,22,5
162,5:44:00 PM,27,42,5
1039,5:57:00 PM,40,35,5
1190,6:02:00 PM,88,31,5
538,6:58:00 PM,112,21,5
645,5:23:00 PM,80,36,5
834,5:16:00 PM,81,37,5
940,6:26:00 PM,94,21,5
1275,6:25:00 PM,66,25,5
995,6:16:00 PM,24,48,5
148,5:54:00 PM,102,28,5
1099,5:59:00 PM,46,24,5
620,6:37:00 PM,94,27,5
393,5:47:00 PM,30,22,5
895,6:40:00 PM,50,46,5
1170,6:51:00 PM,38,24,5
1214,8:13:00 PM,41,37,5
813,8:44:00 PM,77,32,5
365,8:41:00 PM,55,41,5
347,7:01:00 PM,112,40,5
1079,7:18:00 PM,49,43,5
1003,8:16:00 PM,51,40,5
548,8:08:00 PM,30,25,5
1107,7:50:00 PM,69,30,5
1451,7:23:00 PM,54,37,5
610,7:57:00 PM,45,30,5
74,8:09:00 PM,93,49,5
720,7:25:00 PM,74,31,5
930,8:41:00 PM,113,22,5
771,7:27:00 PM,33,38,5
540,8:38:00 PM,103,43,5
1253,8:49:00 PM,109,34,5
402,7:26:00 PM,95,47,5
861,8:25:00 PM,37,49,5
1180,8:12:00 PM,112,30,5
1412,8:42:00 PM,93,34,5
669,8:27:00 PM,89,42,5
688,8:33:00 PM,40,49,5
1259,7:36:00 PM,98,30,5
327,7:28:00 PM,43,24,5
723,7:07:00 PM,33,34,5
654,7:48:00 PM,72,39,5
189,8:18:00 PM,85,28,5
181,7:47:00 PM,77,26,5
1356,8:23:00 PM,100,38,5
1218,8:51:00 PM,24,40,5
1037,7:36:00 PM,44,46,5
364,7:36:00 PM,85,32,5
1303,8:42:00 PM,54,32,5
1320,8:50:00 PM,104,41,5
470,8:14:00 PM,107,28,5
957,8:04:00 PM,115,25,5
1386,7:56:00 PM,43,45,5
589,8:27:00 PM,78,29,5
1343,7:03:00 PM,51,38,5
602,7:22:00 PM,77,33,5
993,7:26:00 PM,66,25,5
997,7:55:00 PM,61,47,5
1342,8:56:00 PM,76,41,5
1057,7:15:00 PM,67,31,5
1416,7:32:00 PM,54,23,5
892,8:03:00 PM,58,49,5
1112,7:40:00 PM,102,25,5
935,7:46:00 PM,69,41,5
946,8:35:00 PM,86,27,5
151,8:44:00 PM,34,46,5
1470,8:37:00 PM,33,49,5
1128,7:54:00 PM,20,28,5
424,7:44:00 PM,66,21,5
1533,8:46:00 PM,68,22,5
1023,7:41:00 PM,74,49,5
471,8:13:00 PM,66,40,5
372,7:25:00 PM,111,40,5
948,7:32:00 PM,113,25,5
349,8:06:00 PM,50,26,5
1226,8:43:00 PM,43,22,5
94,7:57:00 PM,102,46,5
109,8:23:00 PM,75,29,5
480,8:41:00 PM,24,22,5
125,7:48:00 PM,108,20,5
764,8:02:00 PM,116,30,5
1245,8:56:00 PM,66,24,5
568,8:44:00 PM,41,21,5
1317,8:20:00 PM,119,43,5
876,8:45:00 PM,52,45,5
1018,7:17:00 PM,93,38,5
187,8:02:00 PM,91,40,5
455,7:31:00 PM,63,40,5
436,7:43:00 PM,63,23,5
270,8:31:00 PM,117,31,5
378,8:10:00 PM,59,37,5
937,8:54:00 PM,21,31,5
1314,8:31:00 PM,23,47,5
323,8:10:00 PM,71,23,5
660,7:46:00 PM,104,43,5
473,8:39:00 PM,38,32,5
1407,7:23:00 PM,79,38,5
1126,8:19:00 PM,40,23,5
556,8:10:00 PM,75,35,5
328,8:46:00 PM,77,40,5
1406,7:09:00 PM,43,37,5
607,8:10:00 PM,66,44,5
1012,7:46:00 PM,118,27,5
437,7:06:00 PM,110,45,5
133,8:19:00 PM,56,42,5
487,7:15:00 PM,101,31,5
1213,8:12:00 PM,66,27,5
1341,8:20:00 PM,23,44,5
1513,8:10:00 PM,76,24,5
530,7:05:00 PM,80,31,5
1217,8:36:00 PM,92,33,5
1465,8:55:00 PM,55,35,5
700,7:11:00 PM,93,33,5
1030,7:57:00 PM,101,28,5
1096,7:17:00 PM,58,39,5
617,7:25:00 PM,47,25,5
225,8:13:00 PM,86,38,5
830,8:46:00 PM,95,39,5
925,8:03:00 PM,89,27,5
44,8:05:00 PM,44,28,5
1001,7:04:00 PM,45,30,5
658,8:23:00 PM,110,29,5
426,8:27:00 PM,100,47,5
1169,7:02:00 PM,79,30,5
1466,8:02:00 PM,33,38,5
1006,8:53:00 PM,45,43,5
1199,8:27:00 PM,73,28,5
525,8:44:00 PM,98,38,5
278,7:55:00 PM,97,31,5
709,8:43:00 PM,100,33,5
142,7:53:00 PM,60,43,5
854,8:21:00 PM,73,22,5
117,7:14:00 PM,106,28,5
994,8:33:00 PM,93,21,5
1445,8:17:00 PM,112,24,5
1212,7:21:00 PM,32,26,5
1396,7:46:00 PM,36,49,5
1477,8:46:00 PM,86,50,5
215,8:24:00 PM,77,31,5
128,7:08:00 PM,84,32,5
1229,7:27:00 PM,118,35,5
796,7:44:00 PM,114,22,5
1357,8:48:00 PM,35,45,5
965,8:10:00 PM,56,29,5
1120,8:40:00 PM,113,23,5
172,8:13:00 PM,79,33,5
667,8:05:00 PM,105,20,5
541,7:09:00 PM,39,45,5
1312,7:53:00 PM,28,44,5
359,7:18:00 PM,95,24,5
1247,8:19:00 PM,90,42,5
1475,8:08:00 PM,72,22,5
126,8:57:00 PM,115,30,5
819,8:30:00 PM,79,27,5
488,8:54:00 PM,31,26,5
1447,7:03:00 PM,66,22,5
212,8:04:00 PM,60,40,5
1515,7:53:00 PM,112,49,5
513,8:40:00 PM,90,25,5
502,8:34:00 PM,114,39,5
482,7:30:00 PM,75,33,5
1097,8:03:00 PM,61,25,5
363,7:00:00 PM,65,33,5
880,7:58:00 PM,103,42,5
254,8:35:00 PM,116,50,5
486,7:26:00 PM,29,24,5
836,10:15:00 AM,50,15,6
798,9:49:00 AM,58,29,6
1157,9:30:00 AM,11,17,6
315,9:21:00 AM,41,15,6
1049,9:53:00 AM,30,29,6
1196,10:45:00 AM,10,19,6
1359,11:15:00 AM,42,23,6
1458,9:27:00 AM,21,17,6
1446,10:18:00 AM,56,25,6
281,9:01:00 AM,41,29,6
1349,9:46:00 AM,26,14,6
993,11:34:00 AM,37,15,6
1190,10:09:00 AM,22,28,6
1506,9:41:00 AM,50,21,6
1256,11:39:00 AM,28,24,6
1285,10:43:00 AM,39,17,6
1198,11:55:00 AM,16,25,6
1462,10:43:00 AM,29,22,6
450,11:59:00 AM,29,23,6
966,9:20:00 AM,59,19,6
1341,11:10:00 AM,35,30,6
1275,11:26:00 AM,25,10,6
295,9:14:00 AM,39,17,6
643,11:27:00 AM,33,11,6
792,11:06:00 AM,40,26,6
1318,12:15:00 PM,40,29,6
1473,12:12:00 PM,67,31,6
361,1:08:00 PM,28,15,6
799,1:08:00 PM,36,15,6
685,1:55:00 PM,50,15,6
336,12:43:00 PM,39,31,6
1423,12:27:00 PM,74,36,6
1412,1:38:00 PM,56,25,6
1319,1:15:00 PM,13,34,6
1033,1:11:00 PM,82,38,6
405,1:56:00 PM,61,38,6
369,1:26:00 PM,72,22,6
804,12:04:00 PM,69,19,6
1200,12:08:00 PM,39,31,6
1491,12:03:00 PM,63,16,6
168,1:50:00 PM,29,36,6
837,1:48:00 PM,56,15,6
1159,1:52:00 PM,57,35,6
185,1:08:00 PM,20,36,6
1396,1:08:00 PM,27,30,6
107,1:16:00 PM,36,37,6
1124,12:34:00 PM,64,36,6
201,12:08:00 PM,13,34,6
219,1:18:00 PM,26,24,6
526,12:24:00 PM,48,37,6
973,12:51:00 PM,35,20,6
561,1:30:00 PM,74,33,6
1314,12:01:00 PM,70,36,6
655,12:49:00 PM,72,28,6
1310,12:12:00 PM,29,26,6
463,1:45:00 PM,20,19,6
49,12:11:00 PM,16,29,6
424,1:24:00 PM,22,40,6
517,12:53:00 PM,52,36,6
86,1:03:00 PM,17,35,6
401,12:33:00 PM,20,19,6
1379,1:04:00 PM,45,21,6
1324,12:59:00 PM,52,27,6
1344,12:40:00 PM,15,30,6
781,12:49:00 PM,10,27,6
1283,12:58:00 PM,10,35,6
1109,1:36:00 PM,55,34,6
1104,1:55:00 PM,26,17,6
934,1:00:00 PM,49,26,6
204,1:37:00 PM,45,39,6
557,1:49:00 PM,74,31,6
400,1:05:00 PM,39,30,6
894,1:49:00 PM,30,31,6
981,1:20:00 PM,62,29,6
636,12:45:00 PM,26,29,6
1055,3:58:00 PM,31,34,6
879,3:40:00 PM,36,18,6
342,4:12:00 PM,24,34,6
284,2:15:00 PM,44,38,6
1339,4:10:00 PM,42,35,6
802,3:13:00 PM,12,39,6
497,3:13:00 PM,54,40,6
1424,2:51:00 PM,19,26,6
805,2:33:00 PM,53,24,6
762,2:08:00 PM,19,40,6
886,3:36:00 PM,28,21,6
1020,4:05:00 PM,27,30,6
259,4:11:00 PM,26,17,6
759,4:54:00 PM,26,24,6
199,4:44:00 PM,51,31,6
1520,2:57:00 PM,55,39,6
317,4:37:00 PM,48,16,6
1278,2:50:00 PM,59,27,6
1058,4:35:00 PM,28,17,6
183,3:19:00 PM,53,40,6
846,4:19:00 PM,37,24,6
423,2:34:00 PM,19,22,6
211,4:46:00 PM,20,21,6
789,2:56:00 PM,49,19,6
482,2:18:00 PM,16,37,6
882,5:19:00 PM,43,37,6
1327,5:35:00 PM,54,22,6
811,6:25:00 PM,52,45,6
534,6:37:00 PM,31,26,6
926,5:11:00 PM,27,38,6
54,5:05:00 PM,93,20,6
852,5:32:00 PM,88,44,6
1242,6:27:00 PM,74,27,6
142,6:11:00 PM,51,47,6
1430,5:44:00 PM,79,23,6
337,5:45:00 PM,110,43,6
141,6:30:00 PM,96,48,6
334,5:09:00 PM,119,32,6
1264,6:24:00 PM,24,24,6
376,5:01:00 PM,104,28,6
261,6:44:00 PM,46,27,6
1536,6:19:00 PM,47,27,6
724,6:28:00 PM,33,27,6
1023,6:47:00 PM,21,44,6
75,5:50:00 PM,81,22,6
1172,6:13:00 PM,53,28,6
124,6:14:00 PM,90,37,6
176,5:11:00 PM,28,44,6
276,5:27:00 PM,40,31,6
1376,6:11:00 PM,75,41,6
294,6:47:00 PM,38,49,6
1416,5:09:00 PM,22,49,6
476,6:31:00 PM,82,21,6
1032,5:28:00 PM,38,48,6
608,5:19:00 PM,39,32,6
858,5:10:00 PM,116,21,6
1118,6:15:00 PM,45,32,6
1301,6:05:00 PM,102,43,6
430,5:49:00 PM,89,30,6
566,5:04:00 PM,55,36,6
968,5:57:00 PM,99,44,6
241,5:02:00 PM,23,40,6
1056,6:43:00 PM,104,37,6
859,6:13:00 PM,58,45,6
1315,6:55:00 PM,105,32,6
1004,6:41:00 PM,114,25,6
379,5:31:00 PM,40,46,6
545,6:20:00 PM,106,21,6
83,5:10:00 PM,119,29,6
990,6:30:00 PM,48,40,6
282,6:14:00 PM,42,45,6
106,5:17:00 PM,48,26,6
271,5:26:00 PM,31,46,6
1295,6:20:00 PM,92,20,6
187,5:17:00 PM,70,40,6
362,5:03:00 PM,115,25,6
880,5:05:00 PM,112,42,6
1444,6:52:00 PM,37,31,6
148,5:32:00 PM,63,45,6
1394,6:15:00 PM,46,33,6
932,6:49:00 PM,99,49,6
560,5:50:00 PM,104,44,6
1286,5:03:00 PM,85,44,6
646,5:55:00 PM,76,39,6
817,5:24:00 PM,60,29,6
731,6:50:00 PM,97,33,6
1199,6:56:00 PM,41,25,6
1103,6:09:00 PM,38,27,6
1030,5:22:00 PM,85,43,6
1215,6:47:00 PM,45,36,6
1531,6:15:00 PM,76,45,6
452,5:28:00 PM,42,41,6
412,5:03:00 PM,50,25,6
1026,5:32:00 PM,38,38,6
300,6:14:00 PM,109,44,6
69,5:34:00 PM,52,41,6
1417,5:19:00 PM,68,32,6
503,5:30:00 PM,103,32,6
233,6:22:00 PM,31,38,6
650,6:48:00 PM,89,31,6
1119,5:17:00 PM,58,44,6
1484,5:06:00 PM,60,47,6
413,5:38:00 PM,85,34,6
1406,5:15:00 PM,61,24,6
757,6:07:00 PM,60,31,6
1271,6:28:00 PM,32,34,6
1142,6:16:00 PM,64,28,6
1089,5:40:00 PM,109,39,6
356,5:40:00 PM,34,50,6
610,6:45:00 PM,25,28,6
902,5:36:00 PM,72,45,6
1213,5:18:00 PM,100,25,6
855,6:49:00 PM,59,28,6
366,5:28:00 PM,71,45,6
1079,6:26:00 PM,26,39,6
1409,6:55:00 PM,40,21,6
249,5:35:00 PM,73,30,6
474,5:06:00 PM,40,43,6
386,5:45:00 PM,29,29,6
1017,5:55:00 PM,55,43,6
1323,6:16:00 PM,45,26,6
829,5:55:00 PM,20,49,6
570,6:43:00 PM,101,37,6
1209,6:32:00 PM,52,25,6
1072,6:16:00 PM,97,37,6
585,5:02:00 PM,117,20,6
878,6:24:00 PM,110,29,6
869,5:19:00 PM,34,37,6
236,5:04:00 PM,40,46,6
1233,6:16:00 PM,80,29,6
159,6:23:00 PM,86,25,6
1274,5:00:00 PM,33,35,6
601,6:08:00 PM,114,29,6
1162,5:18:00 PM,67,21,6
1214,6:44:00 PM,20,45,6
535,5:06:00 PM,98,33,6
1537,5:30:00 PM,35,39,6
48,5:19:00 PM,118,35,6
598,6:21:00 PM,41,41,6
115,5:45:00 PM,63,27,6
1002,5:01:00 PM,120,20,6
1164,6:40:00 PM,83,27,6
50,6:53:00 PM,29,41,6
807,6:45:00 PM,113,48,6
1146,5:56:00 PM,116,27,6
1400,5:45:00 PM,91,20,6
1107,5:09:00 PM,40,31,6
777,5:34:00 PM,65,26,6
912,5:48:00 PM,50,38,6
1265,6:14:00 PM,66,44,6
516,6:00:00 PM,50,32,6
1351,6:24:00 PM,88,34,6
126,5:21:00 PM,73,23,6
648,6:27:00 PM,76,23,6
795,5:55:00 PM,48,21,6
1433,6:30:00 PM,61,46,6
80,6:16:00 PM,116,30,6
274,6:17:00 PM,35,50,6
969,5:21:00 PM,58,46,6
1260,6:30:00 PM,63,47,6
1184,6:08:00 PM,74,33,6
1270,5:12:00 PM,59,45,6
891,6:12:00 PM,28,47,6
984,6:47:00 PM,84,23,6
870,6:20:00 PM,56,28,6
432,6:57:00 PM,32,39,6
533,6:00:00 PM,31,21,6
157,6:54:00 PM,86,49,6
1149,6:57:00 PM,103,45,6
1302,5:51:00 PM,90,34,6
1414,5:47:00 PM,36,37,6
615,5:27:00 PM,115,30,6
137,6:50:00 PM,118,45,6
316,6:17:00 PM,79,21,6
1372,5:27:00 PM,114,48,6
569,6:14:00 PM,89,40,6
354,5:43:00 PM,34,27,6
1202,6:16:00 PM,117,48,6
543,5:40:00 PM,67,49,6
68,6:49:00 PM,56,23,6
612,6:43:00 PM,27,26,6
864,5:34:00 PM,74,48,6
464,6:35:00 PM,46,39,6
470,6:09:00 PM,56,20,6
819,5:53:00 PM,83,21,6
1148,6:27:00 PM,40,36,6
467,6:39:00 PM,56,26,6
772,6:08:00 PM,49,26,6
127,5:15:00 PM,116,46,6
77,5:08:00 PM,24,39,6
1438,6:31:00 PM,115,41,6
268,5:15:00 PM,40,34,6
872,5:25:00 PM,25,43,6
956,5:30:00 PM,67,44,6
658,5:37:00 PM,52,30,6
539,6:55:00 PM,107,36,6
1357,6:26:00 PM,26,36,6
1100,5:53:00 PM,60,45,6
235,5:18:00 PM,110,40,6
395,6:00:00 PM,64,44,6
1467,6:10:00 PM,21,49,6
1115,5:41:00 PM,37,36,6
1232,5:05:00 PM,106,21,6
180,5:47:00 PM,106,36,6
810,6:56:00 PM,97,38,6
1241,5:20:00 PM,66,33,6
706,6:39:00 PM,92,31,6
161,5:02:00 PM,24,31,6
809,5:48:00 PM,54,46,6
81,6:36:00 PM,67,49,6
562,6:47:00 PM,52,39,6
407,5:54:00 PM,78,34,6
1153,6:12:00 PM,108,25,6
89,6:51:00 PM,32,42,6
571,6:00:00 PM,114,26,6
764,5:31:00 PM,80,45,6
427,6:15:00 PM,74,20,6
630,6:01:00 PM,22,23,6
1425,6:22:00 PM,83,34,6
941,5:17:00 PM,83,23,6
1052,6:24:00 PM,36,48,6
1208,6:19:00 PM,112,26,6
1178,5:49:00 PM,41,21,6
272,5:35:00 PM,90,50,6
340,6:19:00 PM,120,33,6
420,8:14:00 PM,25,23,6
660,7:20:00 PM,22,29,6
808,8:32:00 PM,50,48,6
1064,8:39:00 PM,62,26,6
1174,7:31:00 PM,29,43,6
403,8:29:00 PM,77,49,6
1495,8:49:00 PM,36,46,6
359,8:06:00 PM,50,48,6
736,8:45:00 PM,53,21,6
382,7:03:00 PM,61,42,6
431,8:49:00 PM,31,26,6
1296,7:18:00 PM,95,41,6
594,8:04:00 PM,89,42,6
84,8:47:00 PM,74,31,6
1088,8:28:00 PM,46,20,6
104,7:06:00 PM,108,33,6
364,7:43:00 PM,74,23,6
733,8:09:00 PM,116,34,6
1466,8:12:00 PM,88,24,6
85,7:33:00 PM,48,24,6
256,8:27:00 PM,67,41,6
228,8:23:00 PM,85,39,6
596,7:58:00 PM,95,36,6
704,8:30:00 PM,92,23,6
1070,8:30:00 PM,48,21,6
1252,8:51:00 PM,111,26,6
139,8:33:00 PM,29,46,6
849,7:35:00 PM,61,20,6
689,8:32:00 PM,92,30,6
1182,7:59:00 PM,114,49,6
987,8:38:00 PM,60,37,6
1031,7:41:00 PM,31,39,6
372,8:10:00 PM,67,26,6
729,8:06:00 PM,111,20,6
756,7:35:00 PM,45,35,6
935,7:50:00 PM,42,25,6
302,7:47:00 PM,40,48,6
723,7:04:00 PM,31,38,6
310,8:47:00 PM,59,50,6
321,8:09:00 PM,63,41,6
353,8:54:00 PM,27,27,6
949,7:14:00 PM,34,34,6
1496,8:59:00 PM,114,23,6
550,8:24:00 PM,102,42,6
343,8:57:00 PM,116,41,6
1176,8:13:00 PM,87,25,6
693,7:49:00 PM,81,49,6
409,7:23:00 PM,64,28,6
208,8:33:00 PM,52,25,6
333,8:53:00 PM,40,33,6
1084,7:30:00 PM,92,32,6
1447,8:16:00 PM,73,28,6
732,7:53:00 PM,74,38,6
1368,7:51:00 PM,40,43,6
769,8:43:00 PM,102,40,6
716,7:12:00 PM,103,27,6
1028,7:53:00 PM,105,32,6
194,8:18:00 PM,64,30,6
830,8:23:00 PM,92,34,6
938,7:16:00 PM,62,25,6
368,8:48:00 PM,20,32,6
60,7:20:00 PM,62,30,6
820,8:01:00 PM,50,43,6
1221,7:48:00 PM,97,36,6
914,8:09:00 PM,66,41,6
273,8:55:00 PM,42,36,6
1316,7:46:00 PM,115,25,6
1539,8:51:00 PM,71,32,6
711,8:19:00 PM,93,24,6
1448,7:10:00 PM,113,36,6
998,7:35:00 PM,44,22,6
1481,7:31:00 PM,93,42,6
404,7:10:00 PM,69,27,6
41,7:29:00 PM,58,43,6
489,7:47:00 PM,104,31,6
532,7:49:00 PM,66,48,6
592,7:43:00 PM,94,38,6
1054,8:39:00 PM,80,40,6
123,8:16:00 PM,39,27,6
946,7:51:00 PM,107,42,6
1298,7:57:00 PM,101,42,6
245,7:35:00 PM,93,26,6
146,7:23:00 PM,20,45,6
754,8:54:00 PM,111,32,6
1003,7:40:00 PM,54,46,6
1426,7:05:00 PM,33,31,6
727,7:31:00 PM,37,33,6
544,7:24:00 PM,96,29,6
479,7:29:00 PM,27,32,6
1113,7:28:00 PM,63,30,6
198,8:16:00 PM,72,23,6
818,8:50:00 PM,71,48,6
1266,7:03:00 PM,34,33,6
1517,7:32:00 PM,34,27,6
1358,8:34:00 PM,64,44,6
667,7:52:00 PM,45,29,6
221,8:30:00 PM,100,22,6
1371,8:42:00 PM,83,35,6
394,7:32:00 PM,23,34,6
599,8:58:00 PM,67,49,6
1284,7:43:00 PM,84,38,6
377,7:45:00 PM,106,23,6
1289,7:37:00 PM,101,40,6
262,7:58:00 PM,95,38,6
1224,7:55:00 PM,38,26,6
246,8:53:00 PM,81,27,6
1082,7:38:00 PM,100,35,6
455,7:00:00 PM,25,39,6
890,7:26:00 PM,34,39,6
843,7:34:00 PM,46,25,6
1533,8:13:00 PM,34,45,6
193,7:17:00 PM,27,43,6
1330,8:40:00 PM,20,45,6
288,8:25:00 PM,63,39,6
64,8:59:00 PM,38,20,6
617,7:11:00 PM,56,34,6
434,7:15:00 PM,83,23,6
614,8:12:00 PM,54,48,6
155,7:50:00 PM,68,48,6
1210,7:02:00 PM,113,33,6
1083,8:55:00 PM,99,35,6
1117,8:16:00 PM,94,27,6
449,8:19:00 PM,55,50,6
1346,7:52:00 PM,72,35,6
663,7:55:00 PM,93,47,6
1239,8:53:00 PM,84,33,6
1180,8:10:00 PM,84,47,6
659,7:30:00 PM,59,26,6
223,7:48:00 PM,31,22,6
1390,8:04:00 PM,38,25,6
1246,8:23:00 PM,44,34,6
1528,7:41:00 PM,99,46,6
1387,7:20:00 PM,35,49,6
638,7:05:00 PM,52,29,6
1436,8:43:00 PM,84,39,6
899,8:41:00 PM,34,24,6
904,8:30:00 PM,22,46,6
508,8:51:00 PM,101,34,6
242,7:57:00 PM,102,45,6
1493,7:25:00 PM,63,30,6
1085,7:05:00 PM,117,31,6
313,7:09:00 PM,78,47,6
1293,7:51:00 PM,22,26,6
1155,7:09:00 PM,48,43,6
1334,8:51:00 PM,68,40,6
1538,8:39:00 PM,32,30,6
1168,8:53:00 PM,71,28,6
1212,7:23:00 PM,60,25,6
575,7:19:00 PM,92,27,6
1166,8:49:00 PM,112,33,6
1418,7:10:00 PM,112,28,6
1352,7:20:00 PM,100,38,6
806,7:11:00 PM,79,27,6
563,7:29:00 PM,107,23,6
783,7:55:00 PM,23,30,6
442,8:00:00 PM,118,28,6
181,7:51:00 PM,54,21,6
1364,7:39:00 PM,85,26,6
787,7:59:00 PM,79,23,6
173,8:39:00 PM,61,48,6
767,7:54:00 PM,25,49,6
419,7:19:00 PM,89,33,6
1535,7:32:00 PM,46,30,6
957,8:46:00 PM,24,32,6
522,7:06:00 PM,45,22,6
477,7:31:00 PM,102,37,6
218,8:10:00 PM,88,27,6
559,8:26:00 PM,109,33,6
289,7:59:00 PM,119,50,6
1078,7:30:00 PM,26,48,6
780,8:38:00 PM,85,29,6
1021,7:50:00 PM,89,36,6
43,8:12:00 PM,22,48,6
825,8:10:00 PM,42,49,6
1498,8:53:00 PM,64,23,6
933,8:10:00 PM,66,33,6
265,8:35:00 PM,21,41,6
518,8:18:00 PM,63,34,6
466,7:18:00 PM,64,32,6
387,7:02:00 PM,37,48,6
593,8:20:00 PM,87,38,6
114,8:27:00 PM,37,46,6
108,8:37:00 PM,87,40,6
746,7:43:00 PM,89,29,6
491,7:11:00 PM,59,44,6
1152,8:43:00 PM,41,41,6
552,7:51:00 PM,94,41,6
651,7:48:00 PM,77,38,6
243,7:29:00 PM,62,32,6
672,7:44:00 PM,71,32,6
192,8:48:00 PM,25,22,6
1336,8:45:00 PM,118,27,6
1234,7:05:00 PM,78,24,6
680,8:53:00 PM,37,35,6
692,7:38:00 PM,120,41,6
954,8:26:00 PM,78,46,6
297,7:43:00 PM,60,44,6
109,8:21:00 PM,81,33,6
675,7:54:00 PM,45,31,6
1251,7:04:00 PM,83,28,6
1529,9:38:00 AM,57,27,7
632,10:48:00 AM,50,20,7
949,11:08:00 AM,27,18,7
515,9:02:00 AM,17,30,7
750,11:03:00 AM,21,30,7
335,9:14:00 AM,52,22,7
1479,11:41:00 AM,44,16,7
1329,11:04:00 AM,44,23,7
1094,10:00:00 AM,60,24,7
1508,10:35:00 AM,59,29,7
1190,9:30:00 AM,10,16,7
310,11:51:00 AM,47,29,7
962,11:34:00 AM,13,11,7
1090,10:43:00 AM,22,20,7
601,9:48:00 AM,19,24,7
1051,10:55:00 AM,59,23,7
451,11:19:00 AM,23,11,7
187,9:10:00 AM,44,16,7
1337,9:37:00 AM,29,20,7
1035,11:43:00 AM,37,17,7
92,10:45:00 AM,51,18,7
960,10:35:00 AM,58,19,7
1022,10:32:00 AM,24,13,7
1043,10:01:00 AM,38,24,7
986,11:54:00 AM,48,25,7
72,12:29:00 PM,30,18,7
1401,1:34:00 PM,11,21,7
673,12:16:00 PM,89,23,7
212,1:23:00 PM,84,32,7
649,12:54:00 PM,27,40,7
1247,12:20:00 PM,32,32,7
1366,1:49:00 PM,31,20,7
244,12:14:00 PM,30,21,7
906,1:52:00 PM,47,40,7
241,1:55:00 PM,26,31,7
743,12:28:00 PM,69,19,7
1139,12:33:00 PM,59,26,7
580,12:19:00 PM,64,29,7
1310,1:48:00 PM,34,35,7
1535,1:46:00 PM,28,28,7
69,1:56:00 PM,65,24,7
1464,12:18:00 PM,11,17,7
400,12:13:00 PM,83,28,7
851,1:56:00 PM,23,30,7
1029,1:47:00 PM,26,24,7
109,12:03:00 PM,73,24,7
980,1:40:00 PM,39,20,7
1023,1:43:00 PM,10,27,7
677,1:41:00 PM,81,31,7
424,1:21:00 PM,28,17,7
321,1:43:00 PM,12,25,7
1120,1:57:00 PM,13,38,7
1506,1:19:00 PM,67,23,7
1338,12:35:00 PM,71,15,7
944,12:00:00 PM,51,37,7
198,1:29:00 PM,29,26,7
754,12:30:00 PM,78,35,7
1162,12:53:00 PM,63,28,7
564,1:57:00 PM,11,18,7
539,12:04:00 PM,26,32,7
231,1:38:00 PM,80,26,7
387,1:25:00 PM,47,32,7
1327,12:04:00 PM,28,21,7
104,1:08:00 PM,86,28,7
830,12:11:00 PM,75,20,7
460,1:08:00 PM,58,38,7
462,12:29:00 PM,31,22,7
955,12:09:00 PM,41,22,7
1236,12:27:00 PM,89,25,7
1149,12:04:00 PM,76,38,7
1309,12:03:00 PM,70,18,7
634,12:31:00 PM,42,31,7
1381,12:37:00 PM,76,28,7
274,12:19:00 PM,83,17,7
360,12:27:00 PM,80,24,7
1454,2:00:00 PM,32,16,7
487,4:42:00 PM,28,27,7
58,3:27:00 PM,44,40,7
150,2:26:00 PM,54,39,7
837,2:51:00 PM,28,29,7
905,2:18:00 PM,39,38,7
988,3:56:00 PM,29,29,7
91,4:30:00 PM,58,15,7
417,2:45:00 PM,42,38,7
989,3:27:00 PM,28,35,7
511,2:04:00 PM,20,39,7
676,4:32:00 PM,42,26,7
490,4:57:00 PM,14,33,7
850,3:29:00 PM,44,35,7
1067,3:41:00 PM,53,34,7
1512,3:00:00 PM,26,27,7
882,2:04:00 PM,44,36,7
738,3:36:00 PM,21,31,7
1045,4:40:00 PM,22,29,7
265,2:47:00 PM,49,17,7
1437,4:08:00 PM,20,22,7
858,4:25:00 PM,47,17,7
1167,3:18:00 PM,29,25,7
240,2:07:00 PM,23,25,7
1497,3:37:00 PM,43,33,7
494,6:47:00 PM,45,31,7
371,5:29:00 PM,40,30,7
292,6:35:00 PM,102,37,7
120,5:30:00 PM,85,24,7
821,5:53:00 PM,89,49,7
1276,6:58:00 PM,91,45,7
1030,6:45:00 PM,106,42,7
1263,6:12:00 PM,62,48,7
309,5:57:00 PM,114,44,7
1533,5:59:00 PM,80,30,7
596,5:51:00 PM,62,34,7
378,5:58:00 PM,26,38,7
1293,6:56:00 PM,76,49,7
576,5:06:00 PM,66,35,7
599,5:32:00 PM,105,21,7
707,5:56:00 PM,58,24,7
783,6:30:00 PM,28,40,7
281,6:00:00 PM,119,41,7
570,6:41:00 PM,33,43,7
450,5:39:00 PM,56,36,7
863,5:30:00 PM,55,21,7
1518,5:32:00 PM,98,23,7
437,5:29:00 PM,47,36,7
325,6:54:00 PM,51,23,7
1206,6:55:00 PM,49,43,7
1209,5:15:00 PM,120,48,7
1220,6:34:00 PM,89,43,7
678,5:09:00 PM,66,29,7
901,5:21:00 PM,95,40,7
1230,6:28:00 PM,93,24,7
1466,5:49:00 PM,38,23,7
1060,6:27:00 PM,83,23,7
277,6:17:00 PM,119,20,7
879,6:10:00 PM,23,27,7
1273,5:09:00 PM,79,47,7
164,6:02:00 PM,52,39,7
1147,5:17:00 PM,31,43,7
864,5:50:00 PM,34,21,7
47,6:13:00 PM,39,31,7
877,5:03:00 PM,96,20,7
215,6:02:00 PM,120,27,7
765,5:08:00 PM,64,45,7
1100,6:40:00 PM,79,43,7
518,6:30:00 PM,102,46,7
1417,6:58:00 PM,78,46,7
1395,6:38:00 PM,37,42,7
751,6:27:00 PM,96,21,7
653,5:12:00 PM,32,29,7
445,6:11:00 PM,72,37,7
368,5:38:00 PM,54,38,7
353,6:18:00 PM,44,27,7
1125,6:55:00 PM,120,22,7
880,5:39:00 PM,62,32,7
444,5:47:00 PM,74,32,7
1415,5:08:00 PM,43,29,7
561,6:03:00 PM,72,20,7
1231,6:24:00 PM,99,35,7
1490,5:08:00 PM,71,42,7
774,6:07:00 PM,95,29,7
657,6:54:00 PM,105,22,7
1390,6:20:00 PM,29,41,7
171,6:11:00 PM,40,35,7
1222,6:04:00 PM,60,35,7
845,5:28:00 PM,25,37,7
416,5:51:00 PM,96,47,7
606,5:16:00 PM,118,28,7
555,5:28:00 PM,86,50,7
1470,5:04:00 PM,89,26,7
836,6:39:00 PM,62,30,7
1195,6:15:00 PM,25,22,7
1428,6:26:00 PM,107,31,7
543,6:53:00 PM,98,27,7
1510,6:01:00 PM,100,22,7
613,5:08:00 PM,30,42,7
761,5:52:00 PM,44,20,7
664,6:28:00 PM,80,26,7
1462,5:13:00 PM,106,27,7
1416,5:10:00 PM,96,39,7
311,6:47:00 PM,53,23,7
547,5:15:00 PM,111,43,7
55,5:22:00 PM,34,46,7
1423,5:29:00 PM,69,48,7
118,6:49:00 PM,72,31,7
1326,5:39:00 PM,85,32,7
1460,6:11:00 PM,20,32,7
1465,5:15:00 PM,114,41,7
1210,5:34:00 PM,118,46,7
399,5:30:00 PM,24,29,7
364,6:48:00 PM,64,26,7
1340,5:01:00 PM,105,37,7
868,6:09:00 PM,48,30,7
67,5:31:00 PM,109,44,7
795,6:32:00 PM,78,39,7
525,6:43:00 PM,48,28,7
1425,5:42:00 PM,50,34,7
792,5:54:00 PM,109,35,7
1075,5:32:00 PM,107,40,7
183,5:27:00 PM,88,35,7
854,6:40:00 PM,89,33,7
382,5:37:00 PM,35,38,7
1099,5:58:00 PM,77,43,7
272,6:16:00 PM,41,25,7
393,6:20:00 PM,31,27,7
1501,5:54:00 PM,67,23,7
1368,6:24:00 PM,69,28,7
193,6:41:00 PM,78,44,7
1290,6:16:00 PM,32,47,7
1140,5:40:00 PM,64,37,7
1261,6:44:00 PM,56,28,7
935,5:30:00 PM,48,45,7
350,6:59:00 PM,76,47,7
173,6:16:00 PM,75,26,7
1214,6:58:00 PM,20,47,7
696,5:28:00 PM,41,49,7
1409,6:56:00 PM,65,37,7
268,5:01:00 PM,33,22,7
167,5:38:00 PM,22,45,7
885,5:12:00 PM,65,50,7
1037,5:24:00 PM,59,47,7
992,5:51:00 PM,34,34,7
546,5:54:00 PM,99,43,7
1009,5:16:00 PM,69,50,7
301,6:01:00 PM,110,31,7
970,5:47:00 PM,60,43,7
583,6:00:00 PM,114,47,7
1351,5:37:00 PM,97,31,7
591,6:09:00 PM,113,39,7
1155,5:03:00 PM,23,32,7
206,6:29:00 PM,33,35,7
89,5:15:00 PM,74,46,7
1036,5:58:00 PM,39,33,7
1138,5:45:00 PM,102,44,7
250,6:33:00 PM,79,34,7
1400,5:38:00 PM,52,36,7
143,5:36:00 PM,41,41,7
1523,5:09:00 PM,95,50,7
977,5:18:00 PM,23,38,7
1312,5:46:00 PM,45,26,7
1151,6:19:00 PM,86,47,7
158,5:03:00 PM,74,24,7
52,5:06:00 PM,49,46,7
398,5:23:00 PM,44,22,7
229,5:51:00 PM,78,40,7
1249,6:38:00 PM,71,22,7
947,5:17:00 PM,96,33,7
1300,5:25:00 PM,93,38,7
144,5:27:00 PM,52,20,7
509,6:26:00 PM,120,40,7
237,6:55:00 PM,100,35,7
1107,6:32:00 PM,53,24,7
276,6:43:00 PM,64,32,7
978,6:29:00 PM,26,29,7
791,6:47:00 PM,47,39,7
742,5:49:00 PM,105,48,7
999,6:44:00 PM,57,32,7
1362,6:45:00 PM,99,25,7
878,6:58:00 PM,67,20,7
253,5:32:00 PM,76,49,7
463,6:56:00 PM,24,47,7
968,6:05:00 PM,48,30,7
453,6:27:00 PM,33,37,7
498,5:43:00 PM,83,37,7
631,6:47:00 PM,75,43,7
1158,5:34:00 PM,39,38,7
1092,5:22:00 PM,49,26,7
454,6:17:00 PM,50,30,7
1432,6:06:00 PM,78,39,7
1287,6:58:00 PM,25,50,7
98,6:52:00 PM,64,42,7
890,6:50:00 PM,63,38,7
1010,6:07:00 PM,28,24,7
407,6:23:00 PM,77,34,7
1507,5:51:00 PM,97,22,7
922,5:20:00 PM,59,34,7
354,6:02:00 PM,105,50,7
1258,6:46:00 PM,118,29,7
176,5:20:00 PM,118,34,7
65,5:42:00 PM,103,47,7
172,5:25:00 PM,63,50,7
1188,6:47:00 PM,68,35,7
529,6:57:00 PM,103,30,7
656,6:18:00 PM,26,30,7
1208,6:38:00 PM,52,47,7
937,6:05:00 PM,84,43,7
315,6:19:00 PM,79,21,7
1399,5:26:00 PM,106,38,7
341,5:04:00 PM,119,41,7
1265,6:24:00 PM,60,48,7
1516,5:24:00 PM,113,31,7
1176,6:10:00 PM,75,40,7
967,5:19:00 PM,58,44,7
917,5:01:00 PM,74,50,7
813,6:13:00 PM,74,46,7
918,5:05:00 PM,22,21,7
1087,5:50:00 PM,52,31,7
386,5:34:00 PM,46,43,7
1252,5:41:00 PM,32,22,7
43,5:50:00 PM,105,26,7
705,5:40:00 PM,26,25,7
1146,6:34:00 PM,30,20,7
692,8:55:00 PM,42,41,7
542,8:09:00 PM,39,42,7
1391,7:42:00 PM,99,27,7
283,7:10:00 PM,45,31,7
1372,8:06:00 PM,110,20,7
1324,8:52:00 PM,104,47,7
615,8:53:00 PM,68,26,7
148,7:23:00 PM,42,38,7
617,7:43:00 PM,79,26,7
734,8:17:00 PM,42,25,7
470,7:24:00 PM,69,34,7
974,7:52:00 PM,81,50,7
238,7:22:00 PM,105,34,7
204,8:25:00 PM,117,27,7
838,8:12:00 PM,111,35,7
287,7:23:00 PM,43,24,7
1436,7:59:00 PM,44,43,7
1355,7:19:00 PM,118,31,7
330,8:01:00 PM,110,42,7
912,7:45:00 PM,47,45,7
99,7:49:00 PM,76,45,7
111,7:40:00 PM,110,27,7
446,7:15:00 PM,33,38,7
1115,8:05:00 PM,56,44,7
798,8:37:00 PM,96,36,7
1211,7:00:00 PM,44,22,7
867,8:45:00 PM,96,45,7
686,8:17:00 PM,89,22,7
1438,7:59:00 PM,62,48,7
247,8:29:00 PM,33,41,7
261,8:07:00 PM,72,24,7
1117,7:55:00 PM,118,48,7
1271,7:51:00 PM,27,37,7
550,7:27:00 PM,62,43,7
817,8:41:00 PM,111,36,7
927,8:47:00 PM,38,26,7
699,8:34:00 PM,116,34,7
514,8:53:00 PM,61,39,7
1316,7:33:00 PM,113,42,7
135,8:54:00 PM,43,36,7
412,8:27:00 PM,93,26,7
1275,7:49:00 PM,36,25,7
243,7:12:00 PM,43,40,7
66,8:07:00 PM,79,43,7
1172,7:28:00 PM,30,48,7
1408,7:39:00 PM,31,20,7
1170,7:36:00 PM,68,40,7
1103,8:09:00 PM,113,36,7
497,7:56:00 PM,57,39,7
997,8:43:00 PM,55,26,7
1515,8:27:00 PM,113,42,7
1447,8:08:00 PM,26,49,7
581,7:24:00 PM,73,21,7
1443,8:08:00 PM,66,29,7
987,7:40:00 PM,89,28,7
161,7:19:00 PM,82,34,7
1228,7:28:00 PM,107,50,7
1520,8:46:00 PM,20,20,7
381,7:42:00 PM,80,28,7
1077,7:02:00 PM,56,20,7
1073,8:01:00 PM,96,22,7
629,7:07:00 PM,114,29,7
1241,8:35:00 PM,80,41,7
1488,7:55:00 PM,53,21,7
1238,7:51:00 PM,107,31,7
1429,7:50:00 PM,31,36,7
211,7:56:00 PM,37,34,7
1163,8:51:00 PM,109,36,7
1455,7:41:00 PM,108,31,7
1499,8:21:00 PM,38,31,7
532,8:18:00 PM,101,47,7
828,8:08:00 PM,72,28,7
282,8:18:00 PM,89,50,7
1476,7:07:00 PM,55,36,7
722,7:41:00 PM,61,25,7
611,7:33:00 PM,63,33,7
1525,8:35:00 PM,115,28,7
519,8:50:00 PM,70,27,7
1142,8:30:00 PM,82,41,7
951,7:26:00 PM,110,29,7
998,8:12:00 PM,107,45,7
1283,8:05:00 PM,42,23,7
1313,8:02:00 PM,68,22,7
1498,7:40:00 PM,48,32,7
1226,8:16:00 PM,70,39,7
1343,7:21:00 PM,72,32,7
195,8:51:00 PM,90,44,7
1085,7:17:00 PM,71,37,7
334,8:04:00 PM,92,43,7
328,7:55:00 PM,44,31,7
434,8:29:00 PM,29,39,7
486,8:07:00 PM,35,27,7
1173,7:14:00 PM,90,24,7
203,7:40:00 PM,101,33,7
552,8:56:00 PM,107,26,7
604,7:40:00 PM,24,22,7
1422,7:14:00 PM,104,26,7
1483,8:53:00 PM,115,30,7
1280,7:43:00 PM,120,30,7
210,7:56:00 PM,38,42,7
963,7:08:00 PM,22,27,7
232,8:11:00 PM,57,31,7
415,8:07:00 PM,25,43,7
1534,8:11:00 PM,46,31,7
572,7:11:00 PM,43,40,7
1033,7:53:00 PM,120,34,7
404,8:50:00 PM,106,26,7
1387,7:03:00 PM,106,30,7
227,8:28:00 PM,81,41,7
1215,7:23:00 PM,62,22,7
496,7:41:00 PM,61,22,7
504,7:04:00 PM,31,21,7
1014,8:17:00 PM,87,22,7
563,7:15:00 PM,84,45,7
1180,8:27:00 PM,102,27,7
427,7:04:00 PM,88,26,7
1333,8:02:00 PM,70,43,7
302,8:57:00 PM,95,31,7
715,7:08:00 PM,43,45,7
888,7:11:00 PM,98,38,7
690,7:39:00 PM,56,21,7
625,7:04:00 PM,50,45,7
827,7:41:00 PM,50,44,7
687,7:03:00 PM,112,45,7
300,7:25:00 PM,84,26,7
786,7:41:00 PM,88,48,7
429,8:37:00 PM,27,34,7
670,7:08:00 PM,112,46,7
1054,7:08:00 PM,23,42,7
242,7:02:00 PM,27,42,7
645,8:58:00 PM,105,26,7
385,8:25:00 PM,92,24,7
219,7:27:00 PM,34,41,7
545,7:30:00 PM,60,46,7
1127,8:30:00 PM,50,36,7
1364,7:41:00 PM,87,44,7
614,7:55:00 PM,29,49,7
367,7:41:00 PM,43,42,7
1319,8:12:00 PM,118,23,7
1001,8:42:00 PM,62,41,7
457,8:07:00 PM,43,28,7
239,7:58:00 PM,31,46,7
1350,7:59:00 PM,113,38,7
811,8:23:00 PM,44,44,7
724,8:58:00 PM,57,23,7
616,7:57:00 PM,59,50,7
1218,7:45:00 PM,70,39,7
1303,8:42:00 PM,20,31,7
1133,8:38:00 PM,26,22,7
1531,8:35:00 PM,60,42,7
1130,8:58:00 PM,56,35,7
755,8:12:00 PM,41,22,7
1246,8:21:00 PM,86,26,7
380,8:57:00 PM,72,21,7
362,8:11:00 PM,82,31,7
1006,8:15:00 PM,97,26,7
510,8:32:00 PM,26,26,7
1205,7:14:00 PM,81,37,7
440,7:37:00 PM,93,23,7
536,8:04:00 PM,97,46,7
933,8:26:00 PM,23,44,7
130,8:17:00 PM,38,42,7
333,7:48:00 PM,100,21,7
884,8:42:00 PM,100,31,7
961,8:59:00 PM,81,37,7
492,8:55:00 PM,44,42,7
737,8:34:00 PM,69,44,7
1245,8:12:00 PM,73,27,7
1086,7:12:00 PM,95,34,7
818,8:02:00 PM,95,47,7
622,7:28:00 PM,56,21,7
1317,7:38:00 PM,111,49,7
640,7:45:00 PM,41,34,7
848,7:35:00 PM,91,44,7
1134,7:24:00 PM,103,44,7
316,8:18:00 PM,103,28,7
305,8:15:00 PM,22,39,7
202,7:36:00 PM,35,31,7
857,7:06:00 PM,31,26,7
372,8:46:00 PM,111,33,7
1212,8:25:00 PM,75,42,7
411,8:33:00 PM,102,42,7
1232,8:58:00 PM,110,37,7
1152,7:56:00 PM,56,21,7
145,8:13:00 PM,39,43,7
1305,7:49:00 PM,107,30,7
317,8:55:00 PM,76,38,7
447,8:46:00 PM,75,49,7
717,7:53:00 PM,111,36,7
1278,8:59:00 PM,100,49,7
620,7:46:00 PM,113,26,7
814,7:03:00 PM,89,35,7
140,8:52:00 PM,110,33,7
698,8:59:00 PM,104,24,7
784,7:23:00 PM,63,27,7
1540,8:29:00 PM,69,44,7
1154,8:09:00 PM,113,22,7
369,8:18:00 PM,120,34,7
151,8:22:00 PM,98,36,7
458,7:55:00 PM,31,44,7